PK_CLIENTE;CustomerKey;Customer;Customer Type;Line Of Business;Business Unit;Business Family;Regional Sales Mgr;Phone;Division;Address Number
920e5496ae5d25e50dd68f36794e684a84877168098c4b40c3d6da02df03ae30;10002506;ActionWorld Shop;G2;Não informado;1;R3;S16;816-455-8733;2;10002506
1e64cc8654b1e25c6ec9cd7be93eb3dc172496f01e4ae7a095cd75527718a6fe;10025515;UniPress Shop;G2;Não informado;1;R1;S20;816-455-8733;2;10025515
b1448f5e64e9ade7fb26b91b1d6ea724b7e9fb343d3bf2348898dbf598125097;10005376;Bibb Store;G2;Não informado;1;R3;S1;816-455-8733;1;10005376
97e969944068a635d0f98faed94121271a4cba400ed9fbd1fa63eece2e0a3dde;10021006;Overdreams Shop;G2;Não informado;1;R3;S1;816-455-8733;1;10021006
472616bc1fdff744ec1ccce59fb582d27c73ed27afbb7223e88c5beb728a4f2d;10013079;Gandalf Supermarket;G2;Não informado;1;R3;S16;816-455-8733;1;10013079
c7dfba0f25cac9b96d3987379d93a8e4f484e6b462db2212d493857731ac85b5;10025495;UniForum Shop;G2;Não informado;1;R3;S5;816-455-8733;2;10025495
bac000e90c4303f118a75102c55422c44645b07f642704e55e9ad8262130f0a9;10021494;Paraclipse Shop;G2;Não informado;1;R3;S1;816-455-8733;1;10021494
9b23cada72133142a1c761b86791cf00bf60e8d0cc1b77c5cc87bd239831d6b8;10017036;Icon Superstore;G2;Não informado;1;R1;S11;816-455-8733;2;10017036
52728722c4127a850a20e13189fdc008a284b62ba498fdef21e5a4d0f40f88c6;10007577;Cam-Built Supermarket;G2;Não informado;1;R3;S1;816-455-8733;2;10007577
014cb7bd526996a8155aa7da14814530be667ad66f791afe43b7299231d7e2b5;10023513;Sagent Shop;G2;Não informado;1;R3;S16;816-455-8733;2;10023513
ee2718cdf5030bae21bcfb2a3708119243f6564ffd8551677ccfaf9068d8fe5e;10009642;David Store;G2;Não informado;1;R3;S16;816-455-8733;2;10009642
294253f0722b575293ddecb3977516658535456cf6419128aecc123ff0ae0662;10013397;G-Com Supermarket;G2;Não informado;1;R3;S9;816-455-8733;1;10013397
458c66981d98919497c7118f28dab7398172715b8dea19e1ff15c6cbcf5b84a2;10020491;Nbase Shop;G1;M1;1;R3;S16;816-455-8733;1;10020491
1926e707377cfc8a8ff1c7ef92fb677ef51c1caf80874e0712a21be6a1ca350f;10003857;Beckman Market;G2;Não informado;1;R3;S1;816-455-8733;1;10003857
cc9bf276e8ef0b8578d528c6fd5d779c1630f3ba62b45dd110458c5291688f5d;10026521;Xcert Shop;G1;M1;1;R3;S20;816-455-8733;1;10026521
9c9eba3e8d64119954f9c4a8d2d7613feaef80e72b8e100d50ff5e7512c08e63;10017307;Idyll Store;G3;Não informado;1;R3;S8;816-455-8733;1;10017307
cedc1a5b9392b422a3a82d05fd707d84229e66e7c2386cc9559a2d22a1a2c920;10003749;Associates Shop;G1;M1;1;R3;S19;816-455-8733;1;10003749
0e69adbdb7c13941b8e08d4e70f5ad1d54f016200c448ab8377994a79e435776;10006916;Boott Store;G2;Não informado;1;R3;S16;816-455-8733;1;10006916
e3881599129225d18f9ed4d8a9b92a3687345ede957ddc8fe4d2084eae2adeb1;10014238;Harbor Store;G1;M1;1;R3;S19;816-455-8733;1;10014238
01e2ec5e7f43c39ba105d38614b56b22ee365fad33fd0f2cd31cd0f0e75771e6;10014047;Gulf Market;G2;Não informado;1;R2;S4;816-455-8733;2;10014047
97da408111ed9043abfada11d0d738d4cdf9fcdb50951323ee60791b63c69497;10021184;Pacific Supermarket;G2;Não informado;1;R3;S16;816-455-8733;2;10021184
28e098dd4f8c1db8cc2573a84f8446071f58a6c53d0abd1467121d15d26bc41c;10022746;Rdlabs Shop;G1;M1;1;R3;S19;816-455-8733;1;10022746
18de33441b82be583b1415bd48c10a7c2eb4596875fb1bb25c5e187eb1b87bcd;10021911;PING Shop;G1;M1;1;R3;S19;816-455-8733;2;10021911
1f1107cc6828c377596333bdd7df7a084ebfce7746617836fa07ec48c92ff2f3;10025771;VA Supermarket;G2;Não informado;1;R3;S1;816-455-8733;2;10025771
0c8006582c74e35a7b5f8b25369e870c558634db25df18d08747a031ac447f0e;10016564;Home Market;G2;Não informado;1;R3;S16;816-455-8733;2;10016564
5b372eb1b4dbf9419544b128a78f9162c6afd062ec272eb85f6afc2727bbbc28;10022732;RC Market;G2;Não informado;1;R2;S5;816-455-8733;2;10022732
46c492e37fadb64642477ce57a2cde030cecdd4aa6237879454cc7bdc9b91cd9;10025024;Talarians;G2;Não informado;1;O2;S12;816-455-8733;1;10025024
5ff79291e62b202c7c39940e9a8bd4857d7281d94fdf250c88289dd89d440747;10014546;Hauppauge Supermarket;G2;Não informado;1;R3;S16;816-455-8733;2;10014546
b76d65e9c375db0b6ec936e27c45a0bd796d50dd7438938d4b913c67e38a6e5a;10008638;CAPTA Shop;G2;Não informado;1;R3;S1;816-455-8733;2;10008638
38229ac6fa420a466aa81417e0218c4793fcb42405f2e608df354305b15611e6;10025778;Valicert Midstore;G2;Não informado;1;R3;S16;816-455-8733;2;10025778
6c1919213cfb8112d2639259d40bdd81cd00bb48d55e5b0a12bc6c2c1ae60648;10025583;United Market;G2;Não informado;1;R2;S5;816-455-8733;2;10025583
064fe66e892bbd55122d4d321940c4a37a9d7642f11d70f5f69ccd39dabea9ce;10009656;DCS Market;G2;Não informado;1;R3;S16;816-455-8733;2;10009656
0b1b8100659d7cccffdec725f475b18f9161e6e56b9a615463e3bb8f2da458da;10020281;Mb Market;G1;M1;1;R3;S16;816-455-8733;1;10020281
3aa1f2bc9a9a94ff510fe9ee45c6328915a2c3f21ad64027978033f87f6e4b7c;10011734;Felidae Enterprises;G2;Não informado;1;R3;S16;816-455-8733;2;10011734
e9a66c7034155720b2a6f4b44bfa7b8ccace50b8b163ee70bb86b850843a1af5;10025032;Talkland Shop;G1;M1;1;R3;S19;816-455-8733;1;10025032
f66f1c4700fe6eef13f921529b3a453ac31ae6ff0585eb1b9564c5fd9d2a1b94;10023511;Sage Supermarket;G1;Não informado;1;R1;S13;816-455-8733;1;10023511
7c5ec5ba37ac9aa7c0b1a3fd350a8dd26e479aade8b2f2a074ae26002056b314;10016045;High Supermarket;G2;Não informado;1;R3;S16;816-455-8733;2;10016045
0379a6fe46cd25fa4f688f0c93513182ac832fac901534399ba6a48884fbaee7;10026522;XCOM Shop;G2;Não informado;1;R3;S16;816-455-8733;2;10026522
33aaf665ecca11a0782b776d2a0b04e43cb0ddb0506076e0712c8a737cd4fc79;10023023;Crew Superstore;G2;Não informado;1;R1;S20;816-455-8733;2;10023023
ca03ce8ad7c2c41985315dfcb2b86b8cf7895a5057013ac9ca20e1248c53499b;10010906;ediSys Shop;G2;Não informado;1;R3;S1;816-455-8733;2;10010906
d274d237c87f4b4b823d5ecf458ad17c7b8f212bccf6ec068ed57bf85834ada3;10021139;Pace Shop;G3;Não informado;1;R3;S5;816-455-8733;2;10021139
280567875354d7c8035203d2dc3550691f0a43cb61147e24c5d18a24f432a8f4;10012235;Fimetrics Supermarket;G3;Não informado;1;R3;S5;816-455-8733;1;10012235
fc5c9065afbb5ead2d0b6801d0dc32440fca8b2d550e7235bc94f07d992dd515;10025392;Ultimate Supermarket;G2;Não informado;1;R3;S16;816-455-8733;1;10025392
2179d5e42c514e8641c7d40edb918051d01c35d9721ba7d32715442033342b8a;10020181;Markets;G1;M1;1;R3;S19;816-455-8733;1;10020181
43313ce63c01aed1144d448052200c0fbe81690ceeb7fb3f78c3b7ab9f412448;10010698;Earth Shop;G2;Não informado;1;R3;S16;816-455-8733;2;10010698
3cde202bbecb765cc036381cbcd1e0ea8e303bbd0e06d6dbd593202547560154;10021240;PAGE Shop;G2;Não informado;1;R3;S1;816-455-8733;1;10021240
231894a5dc97402823662cc705396068b746cb3df949623c338b893d8764cb4f;10025158;Taskers Supermarket;G1;M1;1;R3;S19;816-455-8733;1;10025158
bd85cd55c68a0d46da93a65919787e37dcbfcff201d03ad307b16d750cd3c1a7;10014533;Harvey Shop;G2;Não informado;1;O2;S12;816-455-8733;2;10014533
599135ceb8db9c44b0e186327bb30f7b02fb312173c6aae5dc7141ca2e999f02;10025291;Trend Market;G2;Não informado;1;R3;S16;816-455-8733;2;10025291
19b0e2f2618cc19d7b91178321cd7910c9e993f3ab16b85f513006840c75479b;10026581;Xetron Shop;G2;Não informado;1;R3;S16;816-455-8733;2;10026581
3b1b687a33995581ac497af10fb0eccaeed43b21a651e43e7f956c81086d0f7d;10007448;Cajun Shop;G2;Não informado;1;R3;S16;816-455-8733;1;10007448
84d20de6ebbdd77d1d53aa08292e9a8aec74d1d3b04f3b2327e629849de4d67a;10010855;ECI Supermarket;G2;Não informado;1;R3;S16;816-455-8733;1;10010855
a35d7e60ac7b794b5ef6c93f8807a9634a034df2326cdc69d24e32aa09a77ee3;10021107;P.C.G. Supermarket;G2;Não informado;1;R3;S1;816-455-8733;1;10021107
1403c49f06d8131ddb24190c6f554d151269d62f995d8f6cb72e03de1a513024;10008134;Canter Shop;G2;M1;1;R3;S16;816-455-8733;2;10008134
cc065bf90c2566422b0058af0e5013f0cb8adb547ae32f97615eec6a0decd421;10026023;VEI Shop;G2;Não informado;1;R3;S15;816-455-8733;1;10026023
d0cc496b7114055d4015a47ef82c049daf76fe568d4faaf216918f8ed3150390;10011093;EMC Shop;G2;M1;1;R3;S16;816-455-8733;1;10011093
19c4b950767bed2931610ff08d5c9dbbba74d7caed6ecdaed018df903dd271f8;10011623;Federal Supermarket;G2;Não informado;1;R2;S3;816-455-8733;1;10011623
c5e142ff2d2e4859afa7757877b18dfa0b4533878992de2cf2745cc63c5c9cb2;10025299;U.S. Market;G3;M1;1;R3;S5;816-455-8733;1;10025299
913d9757598ab208ad57783b9a7aecd184e6e9d49bfc77df6faaf50c7e0b2fcf;10020914;Onetouch Supermarket;G2;Não informado;1;R3;S16;816-455-8733;2;10020914
89a38010eaba0b73b4303b9e698ee928d03a70d585d5846ced0e9d7921a57c5d;10013312;Gate9th Shop;G2;Não informado;1;R2;S9;816-455-8733;1;10013312
dcbf29d3865e227e0cac856e8776d1cf68da54912c7d5f5064805025cd00c90d;10002137;Accidental Shop;G2;Não informado;1;R3;S16;816-455-8733;1;10002137
e3886706f75ccceb15a7232bfe1cca781228f78c7a61d0d682d48f6f3ec68343;10020192;MATRIX Shop;G2;Não informado;1;R3;S16;816-455-8733;2;10020192
f44d06aa8aa69cd4672bfadc140499e4b520a2bd6ca4b12d5f18cfcc910b5a0d;10006093;BigJobs Shop;G2;Não informado;1;R3;S9;816-455-8733;2;10006093
36d78d1eac949ffdedf0b9a655a4e89945ea6c4d4a61061cb35efee0a120c13c;10024022;Screen Supermarket;G2;Não informado;1;R1;S20;816-455-8733;2;10024022
78209f1813a3636e8c8b627ca71a03793e8b98c78a058bbea4bbad3922a69d7a;10015824;Heurikon Shop;G2;Não informado;1;R2;S5;816-455-8733;2;10015824
8b845a9b246886315abfa20a93c2fc6176c45925dcc81d4302ee82bec48db3c3;10012161;Filetron Shop;G2;Não informado;1;R3;S1;816-455-8733;1;10012161
f0ce5d0a97dbcee65087b5799cdfa88397692b6ad34423d0f9776750429f6876;10015783;Hershey Supermarket;G2;Não informado;1;R3;S1;816-455-8733;2;10015783
e77160105086eaaefdd599cf4e14ff1c667a4265518b7fd388178441ca38a37c;10002114;Accel Supermarket;G2;Não informado;1;R3;S1;816-455-8733;1;10002114
93c611c8c0221dcbd50846d52acf030086247961fbab3785e4de60476a7286e2;10005919;Big Store;G2;Não informado;1;R3;S4;816-455-8733;1;10005919
f9bac9b8f56cc5c52315813b604bd9c7894fdb0527da4acb2d2612df8552aec0;10026334;Wayne's Market;G2;Não informado;1;R3;S16;816-455-8733;1;10026334
ff7474f88cbb1c51968056f433a0a46c947ca9f335b15341d7b523a9b8b26479;10024924;T.M. Store;G1;M1;1;R3;S16;816-455-8733;1;10024924
977bce23eb87bf23a23a02c6bc0a91551fc53c6b16212f8f673a7fb811092e3c;10014779;HBO Supermarket;G2;Não informado;1;R3;S16;816-455-8733;2;10014779
a7245c2fdca04fcd84afcfdcb181e427f1ba124e3090384308522e5cb143cd2a;10005236;BH Supermarket;G2;Não informado;1;R3;S16;816-455-8733;1;10005236
d5509a335a0255e08f05d68e58b860ec17c8def5258068d7514099c7e622813d;10010935;Edna Megaplace;G2;Não informado;1;R2;S5;816-455-8733;2;10010935
b2d24ea856b9bd99eb5f6f853222edcd6611074bda59550f5cc31cef8738fb84;10019469;kGS Shop;G2;Não informado;1;R3;S1;816-455-8733;1;10019469
12b21801a6187644e55fcaf459f7f398933edf61ac6616eeb6c7473129bd15a2;10009652;Dci Shop;G3;Não informado;1;R1;S21;816-455-8733;1;10009652
a12fbf3f6541b941b9487bf3a022e7b859320814688c0a169bb4db968d7bdce5;10019909;LiveWORLD Shop;G2;Não informado;1;R2;S5;816-455-8733;2;10019909
2d9114869101585aa93a45975edb5ef88f72d638cb9bcfcfbeb3b4ea368e7cbe;10003882;Beech Supermarket;G2;Não informado;1;R3;S16;816-455-8733;1;10003882
78c2d0d7c4f26ff8807f79680339912fc73dad7270885adfe9ccd66eb0021145;10003795;Bechtel Supermarket;G2;Não informado;1;R3;S16;816-455-8733;2;10003795
2dc1dda34fa3b1547351b26ff0ca3a42d4996376c74d80980d3e4bfdc780e964;10025289;Tredegar Market;G2;Não informado;1;R3;S4;816-455-8733;2;10025289
b1b13d874c0e8f17ff33dd693843dc12ea567160e2fcc127f81943eb0c75e535;10021485;Paracel Gigaplace;G2;Não informado;1;R1;S22;816-455-8733;2;10021485
52f0d1616d73fb8c7134b8ffa01e925ef1ae6e919ae9465d7fafad5df07df6d6;10025919;Vanstars;G2;M1;1;R3;S16;816-455-8733;2;10025919
e56860bba4cb131243d4498cabff148ad560aea5e9d7a16b6b00e8dcf17d16f6;10025249;Texasgulf Market;G2;Não informado;1;R1;S11;816-455-8733;2;10025249
66bfef71304243cc9e38dff2619f9ab757ca455d29c2a20d747f0451244dd331;10015793;Hetrick Supermarket;G2;Não informado;1;R3;S16;816-455-8733;2;10015793
e3c71939e5f44839df2e6f5b0e32537417157fa7cfdbfe89dbf8697b589a13a6;10024743;Stone Supermarket;G2;Não informado;1;R3;S1;816-455-8733;2;10024743
e9a402b4c4f2ed0a369610b00f1e391d467d7f2fea2f492e513b17c9df760f3e;10010969;Edorex Supermarket;G2;Não informado;1;R3;S16;816-455-8733;2;10010969
103bb9495f226d2af319c7beb9c7db1d370a96738741c41b2e7d9e7da58665c2;10025022;Take Supermarket;G1;M1;1;R3;S19;816-455-8733;1;10025022
56c3a6a523b8365ce803f2c56992673d797e20c15b5b79f558608e377ac1bf86;10018867;Kari Supermarket;G2;Não informado;1;R3;S16;816-455-8733;2;10018867
359137daa5bb65c6801d34cc86fc201aff318ca88f32038efdca988927a7bbc2;10007536;Calypso Maxi Store;G2;Não informado;1;R2;S5;816-455-8733;1;10007536
83fee74b70abbfc675507fac747abf17c51c3fd5ae07d6911c2163f0373774d5;10025037;Tampere Shop;G2;Não informado;1;R2;S4;816-455-8733;2;10025037
12349cbc76a8b1415b063df0e431a61ddf08989324dfa01a49a51785b7fc108c;10022201;Quantum Shop;G1;M1;1;R3;S16;816-455-8733;1;10022201
4995289d1350364ab363c4e69085687dcc281d96a6c8fde313df277d2c3a3f1f;10025061;Target Store;G2;Não informado;1;R3;S9;816-455-8733;2;10025061
eebcf7224018ec4c472accf2a95029a9bc453e967f2e42ce92e0fa6af0a435a6;10019678;Laker Market;G2;Não informado;1;R3;S16;816-455-8733;2;10019678
c3acab733bbf5a3893f8304efbe5aaa00a2371aae3aa7763c3f96d23822cfe5d;10007564;CAM Market;G2;Não informado;1;R2;S1;816-455-8733;2;10007564
d940eff4fd104135f335b959cea5a2d04f9217b3eae47233c611ada67119bcb8;10025305;Ubicco Shop;G2;Não informado;1;R3;S16;816-455-8733;2;10025305
a9e8277f4430200c494a66f87dfd4b22174c1cafb5a0dd43a065b582a0456e34;10009654;DCS Store;G2;Não informado;1;R3;S16;816-455-8733;2;10009654
cd498fd526974d76ab63e03bfb243d6b84e6480068200a646b18b8b987d0516e;10020672;Oki Shop;G1;M1;1;R3;S19;816-455-8733;1;10020672
53c3d17ab315a4c96ecd85aeaff2440e1feaf5c05f732adada58a6f391581f47;10000462;a2i Shop;G2;Não informado;1;R3;S1;816-455-8733;2;10000462
9e156dbdea27f4a26d741e0bcb794dc02d220cab5194a2c3999a371cd30c4fbb;10011018;Eloi Supermarket;G2;Não informado;1;R3;S1;816-455-8733;1;10011018
b9fab41c7aabe80e8f40c348a9078758b5a1e79e887126a0f1d6ae1c76bbf555;10021412;Panngea Shop;G2;Não informado;1;R4;S18;816-455-8733;2;10021412
b3117f7cf1b6f72ce79c62db1bf8e36beecf1e68ab4ee78fedec0506f018dfe4;10017314;Idyllwild Shop;G2;Não informado;1;R3;S14;816-455-8733;2;10017314
d97e0b46e233bfffa8b702a4f8cb0a4af1008394cc4828457d76ec36bb87c630;10013252;Gate Shop;G2;Não informado;1;O2;S12;816-455-8733;2;10013252
c95be0d501181b69dabfa20c30f65e96523f0292efbdad96458e5d471eb4caa3;10010923;Edmark Shop;G1;Não informado;1;O2;S1;816-455-8733;1;10010923
773c381b413caa727485a50d8ea09915d3ff76b2250a38d6aa42712eab2a6a96;10019066;KENROB Megaplace;G2;Não informado;1;R3;S1;816-455-8733;1;10019066
e254e002f7748bd06442bd843d4deaff4fa81cccad946bb38a921d5744b9ee55;10021270;Page Market;G2;Não informado;1;R3;S16;816-455-8733;1;10021270
63f6f82d3987406f6b55f65aa868208c00be41bf5b36153aa7aa2bfa7e15815c;10019900;LiveWire Supermarket;G2;Não informado;1;R3;S16;816-455-8733;2;10019900
86f4f748cf581a8da6d5acd0c483fe749198fb55fe87c64fc992756c57e8a2f4;10000472;Aaron Store;G2;Não informado;1;R3;S4;816-455-8733;2;10000472
7fc24151a24de69d79c8e6b383e0b962518e47715f18698d2a5d522837321688;10026268;WarRoom Store;G3;Não informado;1;R2;S8;816-455-8733;1;10026268
edac813e9c7b349ed946c13bae78fdcb61fc229805619fc3ae6f341634faccab;10023715;Diss Gigastore;G2;M1;1;R3;S16;816-455-8733;2;10023715
2ca6510207de7f16d505172ed8579821305351358baf69a6d3133f7f141ce04e;10021977;Pinnacle Store;G2;M1;1;R3;S16;816-455-8733;2;10021977
34804b43e11204d7b90ac5063fd2962ff5db7271aa9d9a50a8058df54925afa3;10019410;Keystone Store;G3;Não informado;1;R1;S2;816-455-8733;1;10019410
3368a7f11af358927936d1b334ec22d0998a1aa6875c93a0b560a4900b054837;10013472;GE Market;G2;Não informado;1;R3;S9;816-455-8733;2;10013472
641815807eaad9cc11898c0e1fc9223e16350c8cb66cd78ef4a80b58810cde14;10012234;Filmotype Shop;G2;Não informado;1;R3;S16;816-455-8733;2;10012234
4b96a340e99fd08e0b743edae2849ce13c8dfdf847ae9aa506696185cc8a25bd;10027348;Zephyr Shop;G2;Não informado;1;R2;S5;816-455-8733;2;10027348
1aabb3e3a0263671565102d04a5363b65bb8dbae40d344ab764fe8d13c9b3e66;10012600;FireTrans Shop;G2;Não informado;1;R3;S4;816-455-8733;1;10012600
f3193c37a1b7e7a7796fdcf03d134895f5c204af14be50bd741ceba58b47742a;10026843;XVT Shop;G2;Não informado;1;R3;S1;816-455-8733;2;10026843
545ff81775ecc77fa86c09506ac2bf3b99012864a227fcbdb3c552a1dc4d2ba3;10022978;Relcom Shop;G2;Não informado;1;R3;S16;816-455-8733;1;10022978
140323a8bbbe8e0ddd6afda5fb6a2cc60f5f1cf2646e992992de4a0eb237519b;10000499;ABSolute Shop;G2;Não informado;1;R3;S16;816-455-8733;1;10000499
4bf7521bca66641ad70fdff444f0fed58e2055117b66f5550ebb7c1ab8a3fc68;10021160;Pacific Gigaplace;G1;M1;1;R3;S19;816-455-8733;1;10021160
8285e94093d0432db2efa73840c0af148680809112ebba3884552cb75056d377;10012761;G.R. Supermarket;G1;M1;1;R3;S16;816-455-8733;1;10012761
19f6c75f7e20c12bd8dac4afe0d86117640aba59856a27cfb96887b32f8d54dd;10027356;Zero Market;G2;Não informado;1;R3;S1;816-455-8733;2;10027356
67aa29bf1306c000802c0f5e3d251126d9f0fbf6a8410316a7e10f3ccca1e1f5;10018628;K.C. Supermarket;G2;Não informado;1;R2;S5;816-455-8733;2;10018628
550f014a4a739730099c962ab09ff26a245833c075252a640d8e92c671965535;10016807;Ibis Shop;G2;M1;1;R3;S16;816-455-8733;2;10016807
b142b876caba73849c80029bb527078abda12b0b6240a1b49569ab4862c40acd;10002501;Action Supermarket;G1;Não informado;1;R3;S19;816-455-8733;1;10002501
806cb9e9b7efdbfdf528431771b017235b04e2e20761cb3f67119bab0b0ee7a9;10006862;BL Supermarket;G2;Não informado;1;R3;S1;816-455-8733;2;10006862
049a49fe43fced02ccb93e6d456b975593d6a4cf84d3844a157d18fbb1b0c9a2;10012157;Fifth Store;G2;Não informado;1;R3;S9;816-455-8733;1;10012157
abd7c2382f25a7313fbfaa629b94e2e95af67ab19bca024ee7f457e92b97c79f;10025250;TICOR Shop;G2;Não informado;1;R2;S5;816-455-8733;2;10025250
8e05a62e6ec402ddd4386602d60716d0705bfc9c96705ee74e24a00cd9b0017e;10020663;Neos Gigaplace;G2;Não informado;1;R3;S16;816-455-8733;2;10020663
bf28632b85b64bf3f4e8f846298bb25f1a743b6811eedcc1ceab20119bd08a12;10019682;Lamson Store;G2;Não informado;1;R3;S3;816-455-8733;2;10019682
20885088e0600d67288c393762e95c9f0573461c54bd501ec20d018ffccdce78;10021222;Pacifico's;G2;Não informado;1;R3;S16;816-455-8733;2;10021222
69a1e057360561ad76ddb6df3a99f41a787846b73263f9155fe0ed5d8f6567fb;10019512;Kim Market;G2;Não informado;1;R3;S16;816-455-8733;1;10019512
cd76f3167798333e3737f2fdb29152697f7134896f37fd789b8f1a904970352c;10007183;C.O.F. Shop;G2;Não informado;1;R2;S3;816-455-8733;1;10007183
44db867aeb3e466eb1d214c1ed1ae08ba5b618131a4dafe68565489fa6ecefe4;10021415;Pantech Supermarket;G2;Não informado;1;R3;S1;816-455-8733;2;10021415
8a5897756eb74042caa7031d0aa26d3450a951d94feba6d33dd7b0ae474a9ee3;10013011;Gamacles Shop;G1;M1;1;R3;S19;816-455-8733;1;10013011
353f8000d8d209756dcd799932ee83238cbe45ecf9c89e96316ec9529d42fd42;10011724;Federal Supermarket;G3;Não informado;1;O2;S1;816-455-8733;1;10011724
78b678d7b36a734828940b794d5f711355668c05ba9a0f9d09d0dd38af104fa8;10025248;Telus Store;G2;Não informado;1;R3;S16;816-455-8733;2;10025248
a2d8e6c319d4b0f7719619bc72b1dc6b7b0e747c85de642e268cf50f97c300e9;10025025;Taligent Midstore;G2;M1;1;R3;S16;816-455-8733;2;10025025
9d347381e6db07595cff817dda8a43923739bdb2891f2a1b18a35083939012a3;10022962;Reflex Store;G1;M1;1;R3;S19;816-455-8733;1;10022962
6fd57189f62bdfad8fa76c97be7a0e93003081d31ed903d306650a800c29f56e;10012305;FIND/SVP Shop;G2;Não informado;1;R3;S9;816-455-8733;1;10012305
97e21753d547ced0b1d4796c6182058868f07e50af4b1d77b1026c4243207b46;10013870;Greymac Trust Company;G2;Não informado;1;R3;S1;816-455-8733;1;10013870
476ad069181c7dbc3198a2eefce6fdff15b23c9293e2a624145074abe8cb10a1;10020256;Maxtor Shop;G2;Não informado;1;O2;S12;816-455-8733;1;10020256
a8a5c30c4291a3109425dd2bd1793b5a277bdb8ac053eafe9744c4ffb83e7109;10021380;Pangaea Store;G2;Não informado;1;R3;S9;816-455-8733;1;10021380
9f8ef765dad55925c15d6fd7d4610ea74a17b22569816e1fb13b2073b9c983fe;10021422;PAP Supermarket;G2;Não informado;1;R1;S4;816-455-8733;2;10021422
e0bb7b185840e76e5a7b6f33c483ae9eaf88777e8908b2daaf94eb82f159f24a;10026081;Ventana Maxistore;G1;Não informado;1;O2;S1;816-455-8733;1;10026081
ac53cf34d558c5b209ffcc083e108b4c45f9b0a347ceb7469ff52923c5bab834;10010886;EDGE Supermarket;G2;Não informado;1;R1;S11;816-455-8733;2;10010886
d02766496da806709595b54644ce3c9408533974d3eccc79e86190420cfac7ee;10011052;Elucidex Shop;G2;Não informado;1;R3;S16;816-455-8733;1;10011052
625265a7923d5d0669de2109129cf62ddb13f89d9e61721cc642d5aaf8d338f7;10025039;Tandy Superstore;G2;Não informado;1;R1;S11;816-455-8733;2;10025039
073a4e9fb7d15d7b2e39ee519ffc613b8926647f15661da559be6ff3cc03be6a;10000488;ABI Supermarket;G1;M1;1;R3;S19;816-455-8733;1;10000488
0836c372ef7bbc3c0158f2fcd76df6b444a18f6e1ba63bd4c3ef57bafc6904b6;10027370;Zeroo Gigastore;G1;M1;1;R3;S19;816-455-8733;1;10027370
0ef1cbabef80d099235fdc27fea0825631b382f8dd3e2d826461f539c6e8ebea;10021204;Pacific Store;G3;Não informado;1;R1;S4;816-455-8733;1;10021204
15827825ea23c735059378aa954e424d714cc813a28cc76b705f58ed368bd92a;10002140;Accton Shop;G2;Não informado;1;R3;S16;816-455-8733;1;10002140
ed8d35b8cb41cb7dc45624928dd070d3e6b49946892ef3a438062d829e04a21a;10021331;Palo Supermarket;G2;Não informado;1;R2;S5;816-455-8733;1;10021331
1bca5e45342abeccb88a97b1cff75baec1e1cb28b4071f3a50089f098e55f067;10010832;?change Store;G2;Não informado;1;R2;S11;816-455-8733;1;10010832
3527a07bf3bd49ad36fcedc44563c4cb035815a919c3bb9feb0f6713fc728c20;10022750;Ready-to-Run Shop;G2;M1;1;R3;S16;816-455-8733;2;10022750
29599d12df93e1fcacedc08c2b98ae2c926a6e912e3bb48152c647e269f77c0a;10004602;Best Supermarket;G2;Não informado;1;R3;S16;816-455-8733;1;10004602
b274a6fb446689c9ad93f08c002a83c49cacb9747c294a091f1d30fa705a0e74;10027340;Zentrum Market;G2;Não informado;1;R3;S16;816-455-8733;2;10027340
1e0ac1b976ec23d91bd2c6e0c11a0b93d98c915b1ed9d5aca714fc6f7a7c7135;10002154;Acer Superstore;G3;Não informado;1;R2;S8;816-455-8733;1;10002154
a4c286d5239c24029878e3bf936df7c852dcf114f960477fa5dc21b5c7ec1eee;10013039;Gamma Supermarket;G2;Não informado;1;O2;S12;816-455-8733;1;10013039
d84edab3a7c4a9dd1c2b4439b8e5e85a74da508159577bb1d59f0f72bb0c1585;10024725;Stone Market;G2;Não informado;1;R3;S16;816-455-8733;2;10024725
6d17527d1504403477aa461351ce6bcde4d9e525a822430484b9222ea78725ed;10025086;Tartanchase Shop;G1;Não informado;1;O2;S1;816-455-8733;1;10025086
36f23c3958111486399526c309dd7b50aa0f40b0b30a7498d1529770185522f8;10018868;Karickal Store;G1;M1;1;R3;S19;816-455-8733;1;10018868
19f5fc8bff5c8333c951b4a4ca5f8e4b290843256fff80351d53c961a7498eca;10002489;ACT Supermarket;G2;Não informado;1;R3;S16;816-455-8733;2;10002489
07fe1132b3a054ec57eaa988780c93f795d3e41bcb87152f9ea37bb9374e62b9;10004302;Berkeley Supermarket;G2;M1;1;R3;S1;816-455-8733;2;10004302
af217ee823b3acbddaa8a348c0a52661915af80c2bebf042bb6c1777553779ab;10022456;Ra Maxistore;G2;Não informado;1;R3;S16;816-455-8733;2;10022456
73df16c71d8bb2da5691ca4e96649f0027bced31c04f09942145b4347651c3ec;10007309;Cadtex Shop;G1;M1;1;R3;S19;816-455-8733;1;10007309
ddd320f928faca256058b64de342e2e318f7d5ecc19ea21d99d3c17293ba680b;10023760;SataMine Shop;G2;Não informado;1;R3;S1;816-455-8733;2;10023760
0bf59190047ea19fd8d9be3bd009a0212e8f3f71fef67f50e88cfd7e424ed4a8;10018580;K Supermarket;G2;Não informado;1;R2;S1;816-455-8733;2;10018580
ccdc5727d672affaddf24a53c087f096896b5e49fabea3236a0703fbbb7e8f40;10001818;Acc Supermarket;G2;Não informado;1;R3;S16;816-455-8733;1;10001818
d52b1703568512542a4ce30502c0b83dd5d4a310651344e71448ad316d360108;10009156;Carden Supermarket;G2;Não informado;1;R3;S1;816-455-8733;2;10009156
2ea7f38482af8d5c446a3af1c4bd4fad972ba27a0039611a7832d1602e758d24;10000461;A1 Store;G3;Não informado;1;R1;S2;816-455-8733;1;10000461
f6979b94a9ffb373fe353aa9eb22b6bac71831240ee99578b1ac745dc0467f79;10025034;Talou Shop;G2;Não informado;1;R3;S4;816-455-8733;2;10025034
d5961212687d5351bba88c7dd2a343580c106157370210bbcae487c778f66659;10021242;Page Store;G3;Não informado;1;R3;S17;816-455-8733;1;10021242
1aa33e4b2b8fb882a31cb10ca8da719054a516555632381e841a3529407e1f6b;10024006;ScotGold Market;G2;M1;1;R3;S16;816-455-8733;2;10024006
8012ea8d9e66fa12afc68d098886d69d7411f9c79b13eca3eec145ecc0b4c1b9;10023964;Science Store;G3;Não informado;1;R3;S5;816-455-8733;1;10023964
a2604dcdf18161ca8f3ecdc0430ab8f7776cb3f9fe33517ec87fcb9824d7f02a;10025023;TAL Store;G3;Não informado;1;R3;S5;816-455-8733;1;10025023
6f44b618603d9dafe1cc5568421d2af61dae7f85b8ba5131c80583f97f7bde4d;10023275;RFI Superstore;G2;Não informado;1;R3;S3;816-455-8733;2;10023275
d89d383f646d8affe941794eb24eaa0b7fa9f09779f9014f7cc23b44d61aed7b;10024499;Soloman Market;G2;Não informado;1;R3;S16;816-455-8733;2;10024499
dc5fe46947b1b3f3b4bb857e4cb5541c0a586b8e5f4610d368271305cd85d814;10006848;BizNet Supermarket;G2;Não informado;1;R3;S1;816-455-8733;2;10006848
c1476e920312add1ead9fdbc248da049686b647f6ff1fcee36242a244f484c01;10014059;GURUs Shop;G2;Não informado;1;R2;S5;816-455-8733;1;10014059
8fe1d808f6a21e8316d646638423407d60249ebcf7ac25b9546e6f56557032db;10011521;Farr Market;G2;Não informado;1;R2;S5;816-455-8733;2;10011521
cd6f4312bf3f7766a901a76a0e098a477dddf288d90290800ab7cea72cff4795;10024541;Southern Supermarket;G2;Não informado;1;R3;S9;816-455-8733;2;10024541
c1b7e455318c587d4eb5ae682444236727c646b4a1947b4f7c0ec0f12cf0ef3e;10004255;Bendix Store;G1;M1;1;R3;S19;816-455-8733;1;10004255
74453c0fec7038ff6d15deced835960f2e77ecd74514de66f0c78381e8be9d4a;10013426;GDC Shop;G2;Não informado;1;R3;S1;816-455-8733;1;10013426
9329826012ea14107b3111cb3468cedc7aeaf69c56fb3b6cba6e94aa082b6602;10021305;Pallister Supermarket;G2;Não informado;1;R3;S1;816-455-8733;1;10021305
6213a9f9c563892dd0124629729a18c239e0174ca504c51bc221edf3bc54a66c;10025353;Total Store;G2;Não informado;1;R2;S5;816-455-8733;1;10025353
03966246769981a190a9715fb085367efcc8dab185c8ee712a31b6ac8775a6e5;10000457;A&G Shop;G1;Não informado;1;O2;S1;816-455-8733;1;10000457
543566dfc456767060003899e35ce90d6f8e40fae4e44feea8829b17b53240fd;10025549;UNIS Supermarket;G2;Não informado;1;R2;S5;816-455-8733;2;10025549
1eac8934036a839838c1113f73e8f509333b49ec024db428fba10df5bede951c;10020247;MAXSTRAT Shop;G2;Não informado;1;R2;S5;816-455-8733;1;10020247
6e144c60199e6315ae7fd8f4ab57eecf6545e35c23a3ad753f7ff2396414c66f;10013052;GammaGraphX Store;G2;Não informado;1;R3;S16;816-455-8733;1;10013052
745aea04249f8369e7051dbb61ab13d833d17e526c3e31326c3e6f61bd8ee313;10010865;ECS Supermarket;G2;Não informado;1;R3;S1;816-455-8733;1;10010865
d7e1996ffbd87306c9badc62a2ba8dd7b8d2c11a86a6487771d9e778da046b32;10019952;Lobster Market;G2;Não informado;1;O2;S12;816-455-8733;1;10019952
429eba4ad42c7cd503a33ac56d6cf8ba56b5fa2f23794e736a820af21e0448a6;10020306;McGraw-Hill Supermarket;G2;Não informado;1;R3;S16;816-455-8733;1;10020306
ae489dcdd1ce8d9d67dd3a257f075a858ec79c08fb0bbeceb32a713f337625c3;10025033;Tally Store;G2;Não informado;1;R3;S16;816-455-8733;2;10025033
de2e38e869ecd18e785ea9f7a543969a95172b5d5cd5034e89bd15e3828985d6;10013238;Gastown Store;G2;Não informado;1;R1;S11;816-455-8733;2;10013238
830588f9247bedebb2d664c495b3c73e7b8ca4b52c74c741c8a17df7387bf8fc;10020393;Minneapolis Supermarket;G2;Não informado;1;R3;S1;816-455-8733;2;10020393
a8950c6293277e63dbde6c6776be44e91881e1a903d9fb2d296414b62161f1c3;10027583;zNET Shop;G2;Não informado;1;R2;S5;816-455-8733;2;10027583
36b91eb9d8fc318c9e8ca281f609ad32f94ebcd24930eab9a5921650981216b2;10022240;Quantum Supermarket;G3;Não informado;1;R3;S5;816-455-8733;1;10022240
9f2aba005e503d1a4e90a834a1703c4f5dade16242c974d916cdbcbb57b5d6df;10012226;Fills;G2;Não informado;1;R3;S13;816-455-8733;2;10012226
e49c71c0167bc304bbfa7a869fd7535d0b9b7da3ca605f5306e42dcdc18d9037;10020080;Lucky Shop;G2;Não informado;1;O2;S12;816-455-8733;1;10020080
22c15b4f19e989923eae8056fa17a7a023ea80df8bc496e27b2b518b181bbbc1;10020915;Ottercom Shop;G2;Não informado;1;R3;S16;816-455-8733;2;10020915
83fd654afe94daa8bfb09ac1a59c8b624abbfb6ede8241f74c420a6be3ff12fc;10024010;Screaming Market;G2;Não informado;1;R2;S3;816-455-8733;2;10024010
98cd68071974b6cec80f054844868068706fdc47841c461b5e04dabf1c7d9354;10020931;OutPost Market;G2;Não informado;1;R2;S5;816-455-8733;2;10020931
14ef8ee31d0f8ad244a01d73488a9cdbb2448f3f13e91a791fe74911eab56578;10020868;One Market;G2;Não informado;1;R3;S1;816-455-8733;1;10020868
1262b58f9982267ac42fd38aa96cb0c7f186a9685a5999807f8b7a2fde1de144;10024246;Siemens Supermarket;G2;Não informado;1;R3;S16;816-455-8733;2;10024246
ac8f6aad5a0dd8194a2528a221079d29c3f247bb918c06525b3010ebda67260a;10025300;U.S. Market;G2;Não informado;1;R3;S1;816-455-8733;2;10025300
d35820950d26e20f6e9abb5a4da476e3a97cfd37bdc06431ce966f7e73946588;10006977;Brazilian Supermarket;G2;Não informado;1;R3;S16;816-455-8733;1;10006977
477247dddd76f7624a9cca6e891209d7bc2a0b202b43bc188e26dcb1eedd7e0c;10026078;Venred Shop;G2;Não informado;1;R3;S16;816-455-8733;2;10026078
e667440a3edb2c93d999aa1eb845b7ba41b7c194d24c8ab1c05c0c3ddbdc5136;10025049;Tao Store;G2;Não informado;1;R3;S16;816-455-8733;2;10025049
f5c5987b173bf63ce9ed4821d1d50607a2688d17a8f3fffbbaa6b43d119bc466;10019105;Kensington Market;G2;Não informado;1;R3;S1;816-455-8733;2;10019105
280475f881fdac3e66453a687d241cfcdc60684e8b1489ba4e77250e8c533937;10025252;Times Store;G2;Não informado;1;R3;S16;816-455-8733;2;10025252
8698d023ffeee11e96cc1f58b92688b214ac09f657fb0102d7289cf5ab4c1bb8;10000458;A&R Market;G2;Não informado;1;R3;S9;816-455-8733;2;10000458
371ea2c3daaf4ae23a81f4dd979e30cdff6d9202660640504b79b161d8542cfc;10026009;Vectrix Shop;G1;M1;1;R3;S18;816-455-8733;1;10026009
c65dab84c260f3a9e1f630a9bc9962e04a679cbdfcd504d3e22ce830efa36136;10020639;NECX Market;G2;Não informado;1;R2;S5;816-455-8733;2;10020639
dad5136d29ac85340baafad3d63011fb031ec3e13712e1b2b3bd5b737637a993;10010884;EDC Supermarket;G3;M1;1;R3;S5;816-455-8733;1;10010884
923a07dcd1d9004ec7a825df7c2f3772716facc78036764ce9b138a90a6a936d;10014471;Harts Superstore;G3;Não informado;1;R1;S2;816-455-8733;1;10014471
02f75e4af2b516dcfd4744d2c0329b81dc55162c0a8856b832ac862dc0ec49d1;10021223;PacificServ Shop;G2;Não informado;1;O2;S12;816-455-8733;2;10021223
44c13ee57bb1bf7e64915df7639e0958774d1948323eb8bc09b526d970d541be;10025791;Valley Market;G2;M1;1;R3;S16;816-455-8733;2;10025791
68fbc1cf4b2c811b746acf8c7ee0f2603ea0b5e4d91e0f39becdd3bf97248f31;10011842;Fentek Market;G2;Não informado;1;R3;S16;816-455-8733;1;10011842
24a2da954509144d583e701330b2c351374639ad92d483f8e3cd9170b20b8914;10024260;Sigma Supermarket;G2;Não informado;1;R3;S16;816-455-8733;2;10024260
c306258d79f42dc0761de062a0de4463b01f7c87c28b05c49227cf405a739c51;10000486;Aberdeen Shop;G2;Não informado;1;R3;S14;816-455-8733;1;10000486
8fdd7c3ed370dd69ee20fcf3755b307b3c503704b55d2ac351bf5202c4fb2258;10002149;AccuLAN Shop;G2;Não informado;1;R3;S16;816-455-8733;1;10002149
e26f029f65e2f19eff7dd0424032411d3d8d6380cfa3658a4d7a80e1213c5053;10021911;Ping Shop;G2;M1;1;R3;S16;816-455-8733;2;10021911
76f57447d89397545b5ddeb1147e3b45bf82edf482f2356ed27c832052ebe68b;10023022;Renaissance Supermarket;G3;Não informado;1;R2;S8;816-455-8733;1;10023022
2f3b2fb2121c06234f0ee571d2e3ff430a4c96266e0e95d8397f56d48e3c0f6f;10009356;Central Supermarket;G2;Não informado;1;R1;S11;816-455-8733;2;10009356
ae51d0602b985b3339bfa36e01ef69e6ef76d573f16ea974b715ff5e87100a21;10026355;We Market;G2;Não informado;1;R3;S3;816-455-8733;2;10026355
6b43a7e3edcac675e4e864fb9d907fce08ef40791a7591927b06e7970e1abc1a;10010912;edit.nl Shop;G2;M1;1;R3;S16;816-455-8733;2;10010912
b2f8ecc053f52a97d36d21dad29050d7fbd3330c8f456c15ff19a08ee6f37ee8;10027053;YourFuture Shop;G2;Não informado;1;R3;S9;816-455-8733;2;10027053
b45114fa8a8dda738b9263b63fb92b52acdcfcc248dfd345b7318e22bdc9ffa5;10022431;R&J Shop;G2;Não informado;1;R2;S11;816-455-8733;2;10022431
a1deae270c65e85fa330027bafba739da3c624e0f99f3c76ad8ceb643539d35e;10005810;Big Shop;G1;M1;1;R3;S19;816-455-8733;1;10005810
44fc0b13b1887d25c01f68059542401d194fb0cc66197f73073b7bc155429d6d;10010717;East Shop;G2;Não informado;1;R2;S5;816-455-8733;2;10010717
7d3f4193e209d5828e3395abd34c9d96aadb2fba3d17950c970fbbed0879305a;10018352;Johnson Store;G3;Não informado;1;R3;S5;816-455-8733;1;10018352
e82f001eda1e9cf2bb4c26afb41ac61c5e55099722e61f43cf4df6a27a0973e1;10015789;hesketh.com Shop;G1;M1;1;R3;S19;816-455-8733;1;10015789
5a56ea262b91868d3d0358c2952caa06b5dcae80752e1ae5a0a1106fff1268ce;10026336;WBM Store;G2;Não informado;1;R3;S16;816-455-8733;2;10026336
7e8145e96f4c45740a8e4570c4c1ad7048c8f2e1e5e4680c6710da4540644a7b;10025758;UTStarGate Shop;G2;Não informado;1;R3;S16;816-455-8733;2;10025758
60fd91acdb251a8df8253bf2619b6e1978df0c8c7bd65754561532b06398cbfa;10014803;HCHS Shop;G2;Não informado;1;R3;S16;816-455-8733;2;10014803
9f022a93d65f92f66b93dcfb4aed505dac76a8050b743e73457598b470ae759f;10016303;HMR Shop;G2;Não informado;1;R1;S20;816-455-8733;2;10016303
b20169b4c40df897bdfa31a2234e366ffde6af909f848afe498267c6118db907;10021996;Pinnacle Supermarket;G2;M1;1;R3;S16;816-455-8733;2;10021996
05550ded6169df04222b4be254d8e3eb18ad870e832f2a0f9df72e7120ef8430;10027575;Zitel Shop;G2;Não informado;1;R3;S1;816-455-8733;2;10027575
3785a6e4455d791c395bb3c49c51edd758d3b23cab1db3949b6457f222f02394;10025267;Todd Supermarket;G3;Não informado;1;R3;S5;816-455-8733;1;10025267
e7fa9d0605582138a2f88c182f97aeeeb097144ab4241fd7f6721035f7cc2375;10016334;Hobart Store;G2;M1;1;R3;S16;816-455-8733;2;10016334
e5de6cf6bdd9ce925ea96d207879993a468e0904b71d433ad56ece2b69ce68ee;10013538;GEAR Shop;G2;Não informado;1;R3;S16;816-455-8733;1;10013538
6c3509044b375529c442b34643af041041e17160b829f214d29cd4d95103e47f;10023759;SASCO Store;G2;Não informado;1;R3;S1;816-455-8733;2;10023759
0a7c95b66df386214eca6a69f4e8196283a1af784ffd218147ba55b4fa6cee5e;10025571;Unitec Maxistore;G2;Não informado;1;R3;S9;816-455-8733;2;10025571
b18a87b3609d6b5687e4350f773d4190d211183798447b0849ca27c4cd20609e;10017828;Lee Megastore;G2;Não informado;1;R1;S20;816-455-8733;2;10017828
04d74d05f334bd0412ba5c9050c3e24f39608841d9fd32a624f64b76bcc6954b;10000453;A Supermarket;G1;Não informado;1;R3;S19;816-455-8733;1;10000453
e308274f74e1d5324421e1babe61661badd3bed6ce1a15a7a68186b94c2ac15b;10010974;EDS Shop;G2;Não informado;1;R2;S9;816-455-8733;2;10010974
5e6e9fdc9fe7e3b9b4b70e45e3c193696a84e7201f51a4f9da3ea53202a770b5;10013080;Ganymede Shop;G2;Não informado;1;R3;S16;816-455-8733;1;10013080
0ab7008ba87d0d9d5101ef8f6a63f2cc191cdcf17ebd86fe17eef1d15f5be051;10026038;Velos Supermarket;G1;M1;1;R3;S19;816-455-8733;1;10026038
2629fcea307c1d6d6f0ecc9f69d11cc65d2428f76bd631bbcbc4bb039b848b7a;10024999;TAGnology Shop;G2;Não informado;1;R2;S5;816-455-8733;2;10024999
d89b3a1c0800597b04871052ce152c716db359ec6699e33e325d948fe6f8cfe1;10003720;Age Shop;G2;Não informado;1;R2;S5;816-455-8733;2;10003720
0aff719ba803a0618e1d05b31d876099d5e0b3e59c06c3e0003a41e5fe1c149f;10004516;Besicorp Shop;G1;M1;1;R3;S19;816-455-8733;1;10004516
666a45d7f3c42bbd621dd92f6e95aa7fb6a737049f82d0bed2f30773ae766cfd;10010897;Edify Shop;G2;Não informado;1;R2;S2;816-455-8733;2;10010897
e663bbe00231ed23d34fd6e417a7d3518e9512fb392b5c9fa346241538493588;10007566;Cambio Shop;G2;Não informado;1;R2;S9;816-455-8733;2;10007566
36b4ab52e7114016cb3f1f149fb7a91c2efd26f09ccd924b7e8ebf1c73e5e70f;10010990;Elbit Market;G2;Não informado;1;R1;S20;816-455-8733;1;10010990
a420fcdb772eb1ff26d0a8f814376cfc9aaa74586cf9a2af25e001075afc4300;10022764;RealiDyne Shop;G2;Não informado;1;R3;S5;816-455-8733;2;10022764
4e19794ede38ae8dfeec6aff9b06fc8bb80900eee8f7ee8d3b64526941c09de4;10025285;Transalta Store;G2;Não informado;1;R3;S16;816-455-8733;2;10025285
56124c29b379d14133ae91692b2ce67d8adc4b56e075244130c7b49040ac7f93;10012927;Galaxy Supermarket;G2;Não informado;1;R3;S1;816-455-8733;1;10012927
fc35f99b7af45c4b27d37c090e0f242c9c42b6d22d9302e0507b83131e9a489e;10007866;Camros Shop;G1;M1;1;R3;S16;816-455-8733;1;10007866
4e5542abc61476f8d54cd4356d68b29b2db73fbade3fa151c8ed286e9b2d6c07;10025304;UBF Shop;G2;Não informado;1;R3;S16;816-455-8733;1;10025304
5463ef1d2396933428bb779a801bb163132c4bd6f77db7868942b8cfa503ec8a;10005688;Bien Supermarket;G2;Não informado;1;R3;S9;816-455-8733;1;10005688
c30bd671c1140954e58d21e30713d753247f88367093b7e29879c465ee2d2d5c;10026868;Xyratex Shop;G1;M1;1;R3;S16;816-455-8733;1;10026868
8eac1b3b5e5285d4ff81e102dbfa7ad1a5bcb5a91077911cf27e02b3187228cc;10002412;Acsior Shop;G1;M1;1;R3;S19;816-455-8733;1;10002412
06320e617b481aaf6dfd10d6150c0d523e81d9e8ccfda694f66cb67f193ccee4;10021472;Parabole Shop;G3;Não informado;1;R3;S5;816-455-8733;1;10021472
fb1c1ef8079ddd86d1335158a2d63d9c79da2e4c348c29901f9a2949697cde93;10013332;GateMaster Shop;G2;Não informado;1;R3;S16;816-455-8733;1;10013332
10bef917d7829431d73e6d7fe2e864c1c618e28d6d690e3f4564f5f537138472;10009679;Debenhams Supermarket;G2;Não informado;1;R3;S16;816-455-8733;2;10009679
da2edcaf02f70e31be45b4aaf8b1977d2714fb02387a5e928e2c7cb1f7eab251;10025287;TransCanada Store;G2;Não informado;1;R2;S5;816-455-8733;2;10025287
7591966608d2f1d078cc7dff9f11fc7fb35374c47018a8364b5f36c110529967;10020864;One Store;G2;Não informado;1;R2;S1;816-455-8733;1;10020864
05f485113a403499743be9b6d414223c538b340e6f0eb277cb81907166b48c0f;10023447;RKS Shop;G2;M1;1;R3;S16;816-455-8733;2;10023447
01f0e8c9e10a1c85322b9906ef149f2c5ff37b9265b8639bb4d2cb606bcf14c4;10022444;R.J. Market;G2;Não informado;1;O2;S12;816-455-8733;2;10022444
66f5acd225f0afedea004dd8e7412a4ce42fbbc3c9f56fcd3daf1e19e9b55605;10023509;Safetynet Shop;G2;Não informado;1;R3;S1;816-455-8733;2;10023509
2da3cd3e273f632f0527f1e48a05977cf68aabfb18de9c5a4866edd77af4924e;10023780;SAT-SAGEM Supermarket;G1;M1;1;R3;S16;816-455-8733;1;10023780
ae42e9091d5544b33a554b5d6a3e1dc7f1e747a4727b2e50eed3ebfd3cf03988;10009653;DCP Supermarket;G3;Não informado;1;R2;S8;816-455-8733;1;10009653
ffd50a55ecaf3889f80e82c8e850b99181b0e918645aea60c4ba1b2686d26d7b;10024009;Scottish Supermarket;G2;Não informado;1;R2;S2;816-455-8733;2;10024009
4483d9517b0f817952599db4022f5e39300830cdd7bf79e899424b8da0640e1f;10026291;Warsun Supermarket;G2;Não informado;1;R3;S16;816-455-8733;2;10026291
46aa9017970ec2acc71a21466733e5779a4c87cb0b81978e2fe2587584c9e38a;10012328;Finder Shop;G2;Não informado;1;R1;S5;816-455-8733;1;10012328
c8f4d98a9eb80c45402a028eb214cff60756925da95829f8cecf33220bc2f92f;10019388;KeyComm Shop;G2;Não informado;1;R3;S1;816-455-8733;2;10019388
f79ced1e26d68521995c44974fda0fc4f979c0d6893df6f5c5af151a3d9aeadc;10019913;Livezone Supermarket;G3;Não informado;1;R3;S17;816-455-8733;1;10019913
a0e62aab8ec7142356d6347449d1e023516344beb34c9543a473185332e46421;10006917;Borden Supermarket;G2;Não informado;1;R3;S1;816-455-8733;1;10006917
4415b46ee060111f0d0f00ce5e8057a3521b51ced8f4d807119ae6a7607c6f73;10000481;Abbott Shop;G2;Não informado;1;R2;S5;816-455-8733;2;10000481
33e365eb6c31d1e58cb05a4a6bb6a4eba587016e2b7247b2f5d57910d6316fe1;10024270;Signatures Superstore;G2;Não informado;1;R3;S4;816-455-8733;2;10024270
b35d14eb6b3140a30acb09e0c2fad027e63dcb70d3c2ddf7c6a29fa6cc5c0f5d;10002520;ActivCard Shop;G1;M1;1;R3;S19;816-455-8733;1;10002520
85da9971f67058a93c8c036dc4f227ffa5ec45d80296182d4c610c490a7826a0;10025284;Towmotor Supermarket;G2;Não informado;1;R3;S16;816-455-8733;2;10025284
3ddb0fb0fe9e16edf5050bd53442ea615ae4d3561046015065e632eebb055bd0;10001103;AC Store;G2;Não informado;1;R3;S16;816-455-8733;1;10001103
9b191fd86e1fa8904e7b67521be870d2e6061000e0687aa4edd06552c1715f3c;10002526;Active Shop;G1;M1;1;R3;S19;816-455-8733;1;10002526
68d002f3815374e06d03ce5e643f47690c9d91666a83431f21dc0b3de3371742;10024930;T3West Shop;G3;Não informado;1;R3;S8;816-455-8733;1;10024930
e7d6305cfb806776dba74e664a905602eafbb3fcc55067f957e5bc4099c489a7;10018665;Kaim Supermarket;G2;M1;1;R3;S16;816-455-8733;2;10018665
8c91ee12efe679c60fa22c2b2b469ed5fc2e3d428c0dfe5394ada07313b734c7;10008596;Capitolnet Supermarket;G2;Não informado;1;R4;S18;816-455-8733;2;10008596
50e23ba29dd5c92db7b2e55a4bdb4f74af426242837d36fdab89151a555ebc4e;10024880;Sun Supermarket;G3;Não informado;1;R3;S8;816-455-8733;1;10024880
32fef45ad7b90d9d02f2386aff7d4627a36bae840eac3d6aabbb1230739e4fa8;10015886;Hewlett Supermarket;G2;Não informado;1;R3;S1;816-455-8733;1;10015886
66e3e8d99265345aabde49d84252c2aee51012e78511ed6d69549956d0ad8728;10026438;PLAINFIELD Market;G1;M1;1;R3;S19;816-455-8733;1;10026438
efb220163eae249b1246b22c213ef7a878ea9cfe16415760476b8cad60e6d9ea;10019879;Litton Shop;G2;Não informado;1;R3;S1;816-455-8733;2;10019879
a01a1e7d2b967cdf974d153f18500ca163b0b2081480eb4cd4fd1d9e28f2854f;10025247;Telesat Supermarket;G2;Não informado;1;R2;S5;816-455-8733;2;10025247
11b7c26c1a72ab54ffc83548227b57a4326fc30b3c439d4a06a1665a3ef15a72;10024034;Script Supermarket;G3;Não informado;1;R3;S5;816-455-8733;1;10024034
a93c7781c36ac91eced653c12be8025b6a854bb1562eb227db755b0de8cf7b5a;10017852;J.A. Supermarket;G1;M1;1;R3;S19;816-455-8733;1;10017852
6ca85cf320a06f711ab6715f54b93ade2575950773e1ab77e79255672cd27bfa;10009985;E Supermarket;G2;M1;1;R3;S16;816-455-8733;2;10009985
824a18a4c7014d414d92312c375789bb8da081c1e43465abd08bd2b93f7270f6;10021986;Pinnacle Supermarket;G2;Não informado;1;R2;S5;816-455-8733;2;10021986
9b00d35e23fc7f0272b300508f2ce44cc2db867cd1181c40877ea8a0cc63d8c9;10000480;Abbotsbury Shop;G2;Não informado;1;R2;S5;816-455-8733;2;10000480
b8823c38983778c4587ef363432c8205ea976f785b7874ef2300b1607d776270;10023783;Saturnus Supermarket;G2;Não informado;1;R3;S16;816-455-8733;2;10023783
8839522bff631d05290c40ed28ff2b99bc2384ceb9d160e82a539f4f4f327ca7;10020413;Molson Store;G2;Não informado;1;R3;S1;816-455-8733;2;10020413
3613ec72785a86918c77b47d5401ec56c2469e80a3a5aa2b863c00f773179292;10009650;Dayton Store;G1;M1;1;R3;S16;816-455-8733;1;10009650
a6dae8fc38135f669875cf80e1cc84242a42e51d680dffe496a431da47f5d673;10026606;Xilinix Midstore;G2;Não informado;1;O2;S12;816-455-8733;2;10026606
b5690909e56dda3bc437efdc21c3efef78dce9e553f91d4b4dd51bd1cfb28b1b;10002969;activeDesign Shop;G2;Não informado;1;R3;S1;816-455-8733;2;10002969
7e09a95a4bac8fd7fb411311cf90f63b1b81b0e60b444dd1036bf5ad2972e4f9;10027572;ZipLip.Com Shop;G2;Não informado;1;R3;S1;816-455-8733;2;10027572
42be90bdecd43b84cb3c9d334f7494ba5df4ff3e51ab40330c0341decd4e6408;10019420;Keystroke Market;G1;M1;1;R3;S19;816-455-8733;1;10019420
667b248ffba4ac44c968d4a22b334c185d8c059b39e5b5fcde5ebcc1323d4ae0;10014469;Harte-Hanks Market;G2;Não informado;1;O2;S12;816-455-8733;2;10014469
5f91fcff599e69452707b7595a0940c56c60846336a46a58f91e8a1242f4a32f;10002150;Accumedic Store;G2;Não informado;1;R3;S16;816-455-8733;1;10002150
a7a4ba54d59d1a5d1a478df9d793de9f41b3c43ef8fc48ecf85ea654147ede29;10020715;Old Store;G1;Não informado;1;O2;S1;816-455-8733;1;10020715
f4dd81174a807c281d4711a06fcd9ac9a4ee779cd743c1ed871b709af9d3371a;10024550;Southwire Store;G2;Não informado;1;R2;S9;816-455-8733;2;10024550
13dedf82b9cbab6f01d3734181b12a1d32f5bd96c00797c4a677a04eeb937d0d;10020927;Outbreak Shop;G2;Não informado;1;R3;S16;816-455-8733;2;10020927
40a5c521ae11bcaa87a567314e421e0e4192d10df2aa2597c276be3b6194a721;10007134;C&C Shop;G2;M1;1;R3;S1;816-455-8733;1;10007134
6d536791fe13fa0c545ca398f1c792d21725f23d9deff8307736e04d6572662c;10018371;Joy Supermarket;G1;M1;1;R3;S19;816-455-8733;1;10018371
ecff0d85846c696a6f66c1838e66c4544bfe781320186a2016ab49c4d4552623;10000473;Aaron Supermarket;G2;Não informado;1;R3;S16;816-455-8733;2;10000473
5124a683e719132aeb92b05586e8e53ac6fddd15badca8c6f4f1df6f3d1a75bb;10020962;Output Supermarket;G2;Não informado;1;R2;S5;816-455-8733;2;10020962
3f2f66acf17d5e3c7c036fcb615fad59b6fb3350173cc5f3d1961d37c6009cdf;10016113;Hill Supermarket;G2;Não informado;1;R2;S5;816-455-8733;1;10016113
103975231cecfd7cf2533f25a59cd0890602ca0cb119629708918fa2796cc621;10004245;Bens Megaplace;G2;Não informado;1;R2;S3;816-455-8733;2;10004245
9babb3d573b2dd18c45323cd0313635cb3816b459e56a212f333d77f390ae5c0;10006836;Biz-comm Shop;G1;M1;1;R3;S16;816-455-8733;1;10006836
2644510f9314aef9b921e056a4c5fee6a14cb802ddd5b97a088272608ba886de;10019400;Keystar Superstore;G2;Não informado;1;R3;S1;816-455-8733;2;10019400
b002111d48a4a4539198ae38cefcce25bccfc5d7e1a6f51ca7ea3bde9db86be5;10019665;Labatt Supermarket;G2;M1;1;R3;S16;816-455-8733;2;10019665
ce7f2c020e246720469648bc8e387504661d343d68edb366a1cc9a907b64e140;10025302;U.S. Market;G2;Não informado;1;R3;S1;816-455-8733;2;10025302
7e15cb0e397ea135f93aecf1e4595d08c796f0f2dd83b827e5db7ec600c3aa53;10000471;Aadast Shop;G1;M1;1;R3;S19;816-455-8733;1;10000471
e5a21df76725966c065195d9be4e3275faea976b4d08bdb6790ca65c6d7c5a3f;10025063;Taroch Mexistore;G1;M1;1;R3;S19;816-455-8733;1;10025063
53310a40d388b06c73eaa755111c713b1b1539c399618c2520bdea9670c7fcf8;10009676;Pereras;G2;Não informado;1;R3;S16;816-455-8733;2;10009676
3a5130906ce75236e647aac5e59ea73f1a3a41117b4a32f2ffb75338c34e1a6b;10020449;Nancy Supermarket;G1;M1;1;R3;S16;816-455-8733;1;10020449
14aa250826697f2ce2480870bdfd4bf4db3a3ba3d29aa3cbbf8acf0fa85de9d6;10022755;Real Supermarket;G1;M1;1;R3;S19;816-455-8733;1;10022755
723dba8a7f58b35595e2dfbb74f48e91d8ad433196c3dca04a93600df785289c;10014802;HBS Shop;G1;M1;1;R3;S19;816-455-8733;1;10014802
3f51fffa5d92d6646593144b19606e972cbc7723599f573c4db4bed0f5090b78;10022687;Ravenwerks Shop;G3;Não informado;1;R3;S5;816-455-8733;1;10022687
03de07f47cd1e5fb8a13e3511e5311ccd9595368479e026fed09e96a74fae8cb;10025040;Tangent Shop;G2;Não informado;1;R3;S1;816-455-8733;2;10025040
52b18ce2b3a338aa0e983d422185893508537228a795b92e4ab42a9bf075ac64;10025814;Valpatken Shop;G2;Não informado;1;R3;S1;816-455-8733;2;10025814
79052a06126b2c9466c64a6f253e47682eb783c58d0046edcc3e498f4393ade9;10011499;Farmland Supermarket;G2;Não informado;1;R3;S14;816-455-8733;1;10011499
bab9ca66a98bb54c3dc7f994c93aa7438a6084b426b6feae7edc7285711fb222;10021804;Picka Superstore;G2;Não informado;1;R3;S1;816-455-8733;1;10021804
4df2402b5ba4663b43de066e15efed5b143aef398fbb90c17984c5100d25e4e1;10002765;Active Store;G2;Não informado;1;R3;S16;816-455-8733;2;10002765
3bb1ff165b93914d8cc4c8a7d816029f42e2f5d9ae3922be305033eb83f21610;10018146;J.M. Supermarket;G3;Não informado;1;R3;S8;816-455-8733;1;10018146
f0887a527cbabc28995281e8980272f8335d0c2aacad2cf6545388419ab75c99;10002128;Access Store;G1;M1;1;R3;S19;816-455-8733;1;10002128
2add0fe82e8b7c9fb8149d6fac73a3666a07d1f6996ad1c3ccfeed346d19ccf9;10015267;Helfand Store;G1;M1;1;R3;S19;816-455-8733;1;10015267
cc881d95e63489252fdff98afc1e210d06643bd7f446393c62c694aaf2764d86;10027119;Yurie Market;G2;Não informado;1;R3;S16;816-455-8733;1;10027119
a821f2526cebf650821216865c2075974a5a2ef8238d80779e7d0f56e1293d1c;10020184;Matradi Megastore;G2;Não informado;1;O2;S12;816-455-8733;2;10020184
2951799a7839da42007b5808e6661163ef04d168a111e724cfa5977baac8e5c9;10022678;Rave Supermarket;G2;Não informado;1;R3;S16;816-455-8733;2;10022678
bfd1569a0713119222190636942bb3f58efbe1162fc381cbb5a3dacb2dc71f23;10024942;Tag Supermarket;G2;Não informado;1;R3;S1;816-455-8733;1;10024942
942bd740a4bb844448702bd53b8a7a535258f064637771044d0ddb2a13f37de4;10022167;Quallaby Megaplace;G1;M1;1;R3;S16;816-455-8733;1;10022167
c4713d7893a5f656ae2353e67c3ee559480cf1bbd17620c47ebe4329551c1846;10023495;Safe Shop;G1;M1;1;R3;S19;816-455-8733;1;10023495
3b411214590a9552e0170b887ab90cc90802acc1cc0b113627c0e45ea6c4a318;10008602;Caprica Supermarket;G2;Não informado;1;R3;S1;816-455-8733;2;10008602
02edf896cd4b45de50499e95ceb346dd74b09b2dec50385aeb0d73c9efbba711;10018518;K Shop;G2;Não informado;1;O2;S12;816-455-8733;1;10018518
3d348d9b00908868c6e5041c515df8768d15b7b50f0658a2af3c0914946c6a11;10004207;Bell Store;G1;M1;1;R3;S19;816-455-8733;1;10004207
ff07b964c7433d8f1848fe9725fabaea2750b8e185bbef69f84cdce26bb09fe6;10025269;Toledo Market;G2;M1;1;R3;S16;816-455-8733;2;10025269
908b94f01a0dd8db5d4a8f9f2162ae0b11ce416578861b750189d59b8276c762;10024524;Southam Supermarket;G2;Não informado;1;R2;S9;816-455-8733;2;10024524
406ba980240f99122cf2cc4c576432e4f2ceec5c9c7a88fa2523b5cd5ab38c4f;10002142;AccuCom Shop;G2;Não informado;1;R2;S5;816-455-8733;1;10002142
cc57e128f81618e1e1f50240a3a9cd04dc3e2a01651753e2d60439ae65388430;10021286;PagePoint Shop;G2;Não informado;1;R3;S1;816-455-8733;1;10021286
ce9274209076093da5255435401b3848cd755319d93b6e414993526da1eb9d96;10015253;Hekimian Store;G3;Não informado;1;R3;S8;816-455-8733;1;10015253
528c90cfc4d14e302bec24c0cf15002bd0b3057194af635518d15c620fab5964;10023524;Salias Gigaplace;G2;Não informado;1;R3;S16;816-455-8733;2;10023524
dedd504333aa572e7da8f2d00620c27cab1406cc6380514490e6d6a88d88a7d6;10024262;Signature Shop;G2;Não informado;1;R3;S16;816-455-8733;2;10024262
49fe1e28a1d587d58f10c0c011e9efddaca198ad5152c2a47747637c0a1d6c1a;10025575;United Market;G3;Não informado;1;R3;S5;816-455-8733;1;10025575
cd8de9e44a53fd6159cb692bc0d728401a62da28825296e0d0fdb2235ae30304;10009623;Chas Market;G2;Não informado;1;R3;S16;816-455-8733;2;10009623
677bc9185ad800bb0e0f942186163b0bd30209b07f9a5f62963432b5985691db;10025062;TargetedListings Shop;G2;Não informado;1;R3;S1;816-455-8733;2;10025062
22770acf2e0162e139e691d4150db44ddb242e4fc2b19acd6d4880661c8da2e3;10022423;Qwest Shop;G2;Não informado;1;R2;S5;816-455-8733;2;10022423
a0a7fd302143d01476d46a1d4c3a815d3a7d4a8af60f7fc27df6fbf5eaa9e195;10009643;David Store;G2;Não informado;1;R3;S9;816-455-8733;2;10009643
575e0af96f9ac8856b862ebfe88485c0bb697103560f815aaa9e9dc27769f21b;10025560;Unisys Supermarket;G2;M1;1;R3;S16;816-455-8733;2;10025560
001d9d12191b2547f97b2467f79dac2cbbab49be835f7a9ad6f82f4c9fe2b0cb;10025243;Teca-Print Shop;G2;Não informado;1;R3;S16;816-455-8733;2;10025243
0c64ebd22650cd1670aed4cd168a145bdded0a926073e280bcb4ef53f05596e4;10013232;Garza Supermarket;G2;Não informado;1;R3;S9;816-455-8733;2;10013232
efcf6f43894eea540010e9474846c25295adb3d92a6197e0d0deba4681ec9923;10025508;Unimedya Shop;G3;Não informado;1;R3;S5;816-455-8733;1;10025508
44e330e301dd11d4a6d51148b1ba4c961faf2a34f3af43e7bf0ac5fd9fa664ca;10011546;Farrell Supermarket;G2;Não informado;1;R3;S1;816-455-8733;1;10011546
e86b8f7591efadd51fb3458a6afce87716bd1dcda073bb38be3d0e8bf91e0a1d;10009631;Clearout Shop;G2;Não informado;1;R3;S16;816-455-8733;2;10009631
6ad3a15b10a61a43a8269fb5c5aa420659e749814a052b458996b2cd3bf392aa;10010887;Edia Shop;G3;Não informado;1;R3;S5;816-455-8733;1;10010887
04a9806f37d6258db973e3571b383edf4ed0bf62434d6134abd1844a32f92b60;10011355;Enterprises Shop;G2;Não informado;1;R3;S16;816-455-8733;1;10011355
57459974c33a7dcb019882760a5fa3dfeab9aeae83cb26f63d9109e17498b807;10013899;Grumman Market;G2;Não informado;1;R3;S1;816-455-8733;1;10013899
fe0a8901f91d964f43f37d737fded4dead95fbb4ddf9f95554bfe09c9e2881d9;10005099;BF Supermarket;G2;Não informado;1;R3;S16;816-455-8733;1;10005099
d77ddf275ecfabcf923ea399ace825b6360ae631946c417bb2d12707ff409945;10025052;Target Gigstore;G1;Não informado;1;O2;S1;816-455-8733;1;10025052
11c0e64eae4f5218fe3b6c95da240040cd3383d0f60cb2229eb5f9ad053c8100;10025051;Taos Supermarket;G2;Não informado;1;R3;S16;816-455-8733;2;10025051
e24168d5602c50832aec49407544cc9be4ea5ba8372e73da71c28eb423f058df;10026348;WDND Shop;G2;Não informado;1;O1;S5;816-455-8733;2;10026348
ea5db936d0705ebfe8c373d88650011b4e3d4b64847c7ce548644414d38c05d7;10022166;QualityLogic Shop;G2;Não informado;1;R3;S11;816-455-8733;1;10022166
9d0dc628a5e077c32b29f8cc2f5873674da6e1ea3bf36b140447a77f30332070;10020492;NBTel Shop;G2;Não informado;1;R3;S16;816-455-8733;1;10020492
7a3995c892ada502f28074aac251809e999b42bdee896d61f8e6d3c1ea49724e;10010914;Editor Shop;G2;M1;1;R3;S16;816-455-8733;2;10010914
88b1f05500cccf8c4ef01ac6f076cc98d73909f416005a96c0b6fe60c5d9f2d0;10002144;ACCUCOMP Shop;G3;Não informado;1;R2;S8;816-455-8733;1;10002144
56c0b980731664925865847cc16803d88a1caf7eb00dda182d19177a550e0d64;10026062;Venable Shop;G2;Não informado;1;R2;S5;816-455-8733;2;10026062
078a20c960e619a2806bb4782332b18937d968848ebbc298ee7e8f3fedffe5d5;10008593;Capitola Market;G2;Não informado;1;R2;S5;816-455-8733;2;10008593
69ca26840475b4ddd8074b35f421c8654f0cf985b28b0ac82a09363306112851;10017638;Kellys Gigastore;G2;Não informado;1;R3;S16;816-455-8733;2;10017638
7121f2d64dc7c11c7e4f06248b84b0818fda720c1ebae08d548233f473a449ad;10014739;Haz-Mat Store;G2;Não informado;1;R2;S5;816-455-8733;2;10014739
50f333865b47bb395f11344c9eeda6ed324c9a98ac08afe4fbff8c071ba30a6a;10022490;Racal-Datacom Shop;G2;M1;1;R3;S16;816-455-8733;2;10022490
3d8b321f5cb2bff8a2509b094a5291418f657a6d3bed609b230facdb537bffe0;10024003;Scientific Supermarket;G2;Não informado;1;R2;S3;816-455-8733;2;10024003
14676c21533de9a6c87cac41873d16c51182f5f4541b51e2e72d12092243df6b;10025264;Today Shop;G2;Não informado;1;R3;S16;816-455-8733;2;10025264
8981eebfd3c93b353b67f2dcf411b73c868eb7c5df76f3800cb2a8cc337f260a;10016548;Home Superstore;G2;Não informado;1;R3;S16;816-455-8733;2;10016548
455cc2b6fc26b5eed918faaeead4c37a934278bbb711cfc34cfd49bf1ad210be;10023785;Satyam Shop;G2;Não informado;1;R2;S5;816-455-8733;2;10023785
5043f8645b2c708ef5df2318fee781cd4a4df4f5e090e16e7457aa9e54ce2a29;10011732;Federated Supermarket;G2;Não informado;1;R3;S16;816-455-8733;1;10011732
24447e9db4f602ac73af3c8770d9fa33a47ef5d7b17437d3bd9ae86ea13ca790;10000455;Caribian Supermarket;G2;Não informado;1;R3;S16;816-455-8733;2;10000455
ff074e77b3d604b641d3fb910117c1df88a67a9d0aa9fa3e4cdcca919dd806cb;10018623;K&M Supermarket;G2;Não informado;1;R1;S5;816-455-8733;2;10018623
69c94c290ca89c5c911dd0609e34ee07a742b8783188c05fddf0f60a9c952a60;10014804;HCS Shop;G2;Não informado;1;R3;S16;816-455-8733;2;10014804
b2ad58a0144e3feb2455ebaf6c03344d53aaa076cdee96c03a5a7025d86715be;10020445;N.Graphics Shop;G2;Não informado;1;R3;S16;816-455-8733;2;10020445
51c13c22aadc53617ec90553586e3fef0030c6eddf0927527f15129c0eec8b05;10005006;Betacorp Shop;G2;Não informado;1;R1;S11;816-455-8733;2;10005006
a131b61e344edfc9e7c9d93b064e9ca262b3ae850724ea672f5d423ad9df5b5c;10020390;Miles Supermarket;G2;Não informado;1;R3;S1;816-455-8733;2;10020390
ae9b9dad8fb84ac71574d68e5aa64e55833da0bdda81cc95853899e5ea717e42;10023241;Revnet Market;G2;Não informado;1;R1;S11;816-455-8733;2;10023241
11bcc0f2e0a33b15381a6ffc4d20a16ff7c5775f8fb6a124507a06b5c3fa3f28;10025359;UKnames.net Shop;G2;Não informado;1;R4;S18;816-455-8733;1;10025359
708eabf7ba31e021f8e97f6b134c922fb7cebf704ad3c0ad00f039bae476a423;10014043;Guarantee Supermarket;G1;M1;1;R3;S18;816-455-8733;1;10014043
b3681cefda9fafd31307dd20629c999d580d4db51c2043bd10bbdb40960abf32;10019109;KentISP Shop;G2;Não informado;1;O2;S12;816-455-8733;2;10019109
0022393da687dceae85b279a00b5ec744458a2620c5123a6effbba2f617a3b40;10000501;Absolute Supermarket;G3;Não informado;1;R3;S5;816-455-8733;1;10000501
fa4f4cefe9228d32ba860d9d8beead6a816d89471cd1c2843015e9a3bb59b3e0;10022183;Quantex Supermarket;G2;Não informado;1;R3;S1;816-455-8733;2;10022183
d669f625e0726704139ef9e2a127daaa4cf177f2b3aaed58c122e5f692091d08;10021936;Pink Supermarket;G2;Não informado;1;R3;S16;816-455-8733;2;10021936
6fa08c4fd6df4d2432e39e4ad6b3b25621c64c6149a820205d384a4b2d46f343;10007117;Bre-X Shop;G1;M1;1;R3;S19;816-455-8733;1;10007117
89659db4cbc4c5c0ba77b77aab1caa0c2cd2f9341e251839478367319b09b0d6;10025296;Trust Supermarket;G2;Não informado;1;R3;S1;816-455-8733;2;10025296
e927efdb825748260406f44b76f396311d7aafa75b29d5e4defd43365349eca2;10015011;Hederman Supermarket;G1;M1;1;R3;S19;816-455-8733;1;10015011
1d9038c53cc02a8ebb119657a69c19eeba4d48d1f77c97aabfebdde9cf00ea07;10021158;Pacific Supermarket;G3;Não informado;1;R3;S17;816-455-8733;1;10021158
3ff5447aa5ffdf050f8d2024a0598025e0333df7c908776afe0adc2f84d71178;10021668;Pathlight Market;G2;Não informado;1;R3;S1;816-455-8733;2;10021668
2e9f1bf3f15df0f4469683069e2b2b57723e8e2bf42390df6b01276fa2d5de52;10022450;R2J2 Shop;G2;M1;1;R3;S16;816-455-8733;2;10022450
fc0117d5ac8539b44bd95d00f01f70e3507d705d0698f41a96d8970b8e9d71f7;10020448;Nanao Shop;G3;Não informado;1;R3;S5;816-455-8733;1;10020448
4c0a3423c69ddbc831c72aeb698ff4920630962bd8fdf8d6309f1aec2a00aebb;10025246;TECC Shop;G3;Não informado;1;R3;S5;816-455-8733;1;10025246
9597b27b35fbed86cab8cdc6b7b97e10026779dd34fc65a64909927d7fcaca7c;10011600;FCS Shop;G2;Não informado;1;R3;S5;816-455-8733;1;10011600
f1b75645642a3a505d8b504a54eca15487a888fe7888c63d6862824f28e88cf0;10008381;CAPCON Shop;G2;Não informado;1;R3;S1;816-455-8733;2;10008381
3c011f53c9f04649c74bfb178fb97bc6157f3aef2989829ac877d452b9154ede;10014264;Harbour Store;G2;Não informado;1;R3;S1;816-455-8733;2;10014264
a304906391f8c55d3bef96990f39daad00bb448cc5ab267612f2a2c220c85126;10017290;Id Shop;G1;M1;1;R3;S16;816-455-8733;1;10017290
d3d43f7ebd5d30705b370d025f74c66e4fe12210e7cd182c0edb8586ff111216;10027560;Zilog Shop;G2;Não informado;1;R2;S1;816-455-8733;2;10027560
9b63f2b69a443e3ba8332a4881fa387ad6cc97cbb97b1f7499ef02b5010b466e;10025418;Ultra-Image Shop;G2;Não informado;1;R2;S3;816-455-8733;1;10025418
55c12a8d0c6a0340be7eb37e7e15f05e2604bd09f38827323fa9af506f840441;10000601;Radio Market;G2;Não informado;1;R2;S5;816-455-8733;2;10000601
200b94544b4c1953af24aaa06791c72d353771641ab3ec6f0b0bdecd92ed0e65;10002155;ACES Supermarket;G1;M1;1;R3;S18;816-455-8733;1;10002155
999724603ffaaba634fc0105ad656c7513b143d51b427980c35a8cafe0925e4f;10022470;Racal Store;G2;Não informado;1;R3;S5;816-455-8733;2;10022470
8598a78cb70ef604ad0774480fc17d3ebdacef333a8dd876f77c7b0bc2b5cbd3;10000474;A-ARVIN Store;G2;Não informado;1;R2;S9;816-455-8733;2;10000474
e250ad2da2a64ac0d700d60c4554c660e80090c6eed466c5767e52d64017b3d2;10006983;Brentano's Shop;G2;Não informado;1;O1;S5;816-455-8733;1;10006983
dae5ebedf2dd8a419692f84c2e313148c69595daf93362a7d00c553d4829a718;10010970;EDP Shop;G2;Não informado;1;R3;S1;816-455-8733;2;10010970
0794b0070f896139901289b955adb32f4958ed826e0bc7d8aff1921e16961c53;10024477;Smith Supermarket;G1;M1;1;R3;S16;816-455-8733;1;10024477
0cf91f45b4d3e7f1416ceb365ac313ba6e991c547aba6f3eefd3bd460565e7e8;10025558;Unisys Shop;G2;Não informado;1;R3;S1;816-455-8733;2;10025558
ec2f46df23bfaefd73db121a8fc88ec443de30f340f77badee379f5a1a6b361b;10016542;Holy Supermarket;G2;Não informado;1;O2;S12;816-455-8733;2;10016542
dcb8519e184fa00c0161f3fc5ab269da7db89ea23dbad1f26f8849aeba415f01;10012715;Fokas Midstore;G2;M1;1;R3;S16;816-455-8733;2;10012715
ce05bfeb76886d6ee6f1dd657edb5f2c115f9a776ae97ad2fd86129b3cb32b05;10011198;e-MDs Shop;G2;Não informado;1;R3;S1;816-455-8733;2;10011198
ee41d74190c9dbf6b993568e97e5ebff9f6014c46ff97603e0600235caf13454;10014810;Healtheon Shop;G2;Não informado;1;O1;S5;816-455-8733;2;10014810
ed317b704c3ab3b10c92008af774d17a34dd7e956592f487b80b0895eb680153;10009645;Day Market;G2;Não informado;1;O2;S12;816-455-8733;1;10009645
cd95aa65cd28c8b8412899f33ffc8c8592f2417839adbc5b03af91e49cf80b87;10011870;Fenwick Supermarket;G2;Não informado;1;O2;S12;816-455-8733;1;10011870
b07b45b96fb8bce3bcd39eb5d050ca72037d84c7cc7cb7c3e71808afb88b6db2;10011979;FiberPlex Shop;G1;M1;1;R3;S19;816-455-8733;1;10011979
ab7f337d23fbcc9b6c5d83bcd48553cedea4c2778f527f9db01fa15fe4a65e63;10018363;Jones Stores;G1;M1;1;R3;S18;816-455-8733;1;10018363
fc016ed98fba4ad9e291d7edcd1e01fe928d61827f9a349c330ab7ee8f8c40bc;10022252;Quantum Supermarket;G2;Não informado;1;R3;S9;816-455-8733;2;10022252
a2c5a15180261c97bcc124673dede3293daba47e1d9022a0f3944bddabaf5b90;10012851;Gailey Market;G2;Não informado;1;R3;S1;816-455-8733;1;10012851
62deae2b8a08f5a8aeaccddcc6a1f8c7791452aed677be10b577cc5076122a1f;10000497;Abplus Shop;G1;Não informado;1;R3;S16;816-455-8733;1;10000497
c2fbc9131d62318da3f95de9adb93b7cfc310c0eca7fd849bbe73e87821bc167;10020909;Onestar Shop;G2;Não informado;1;O1;S5;816-455-8733;2;10020909
a78f506df9cf68b12868e6deb6c78adf808b0650d339508345565a7b3f9571e4;10000478;Abacus Market;G2;Não informado;1;R3;S16;816-455-8733;2;10000478
781363c9053ef2358c2e2e94ec491c635f60d9d1182dee06065e25bfc2419b06;10018871;Karsings;G2;Não informado;1;O2;S12;816-455-8733;2;10018871
713c4addf187c5df86228d5a4de805f086f46cdec1750d750c5c423851875ab2;10011981;FIBERWORKS Shop;G2;Não informado;1;R3;S16;816-455-8733;2;10011981
9dec7372586ee52296c0098bf507ba8d8ba69cacfa6ef97175665b01bbeaf169;10018644;Kabbalah Shop;G2;M1;1;R3;S16;816-455-8733;2;10018644
882a4e1db358cd3ee0b0cfbc7bed98aa07d660a816dd6dd41e99d7c1b232cd5b;10023538;Salamander Supermarket;G2;Não informado;1;R1;S11;816-455-8733;2;10023538
25232869536c19c62dd35b568bbc579df374f35b2071a60e9d2eefb10120672c;10019897;Livermore Store;G2;Não informado;1;R3;S16;816-455-8733;2;10019897
9d8c396c3c2b9256cd29e0d5fb6c2c27d03dc4ce6a0a42ff643dbbd20e34133b;10024915;Systems Store;G1;M1;1;R3;S16;816-455-8733;1;10024915
498e0f9744d8523655c37bba048d4e606f2b4532d42cf4076c35e7723c26e991;10009606;Champs Gigaplace;G1;M1;1;R3;S19;816-455-8733;1;10009606
b795cfcef590bed44995215e0fbdf684beb3cd00a48dd26b6439c3d33b974fbc;10002709;Active Store;G2;Não informado;1;R3;S1;816-455-8733;2;10002709
48aa8caed1ef097a422ce71f9696ddfcf8e3c9f99c26e3e5bc5f1f547af968c7;10025769;UUmail Shop;G2;Não informado;1;R3;S1;816-455-8733;2;10025769
76411d4e586f4f4da95c4030a52a5e02c1443b0b941443a2a43237245a337630;10017576;Illuminati Shop;G2;Não informado;1;R3;S16;816-455-8733;2;10017576
b5ea60700972709efd386421d7df811c0a4c4dd11e54544944f1474c91ad6c31;10013127;Garbee Supermarket;G3;M1;1;R3;S5;816-455-8733;1;10013127
47c8792253d64e6026824d312e09c1072f210e5b2b409c4f4c56d6b44165afa4;10002159;ACI Shop;G1;M1;1;R3;S19;816-455-8733;1;10002159
029c1adeb4b62a07d9e4abe922fa730adaae7b3e037b22bc97492344e3fa1b76;10026560;Xentec Shop;G2;Não informado;1;O2;S12;816-455-8733;2;10026560
c560fedeab431d512dd606224e7cd999e55bffffade432bc22c43ec861bb3c6f;10019194;Kerite Company;G2;Não informado;1;R3;S14;816-455-8733;1;10019194
da8a2c02d5b9533e43aa45765ffbe923dbe4b3f4d4e8a83e9677155ed332301e;10021300;PageWave Megastore;G2;Não informado;1;R2;S9;816-455-8733;1;10021300
fbb77902834f15c22675699018ea2970f811e6c18fd1aa9028d5450fc724d423;10019617;Kool-Seal Shop;G2;Não informado;1;R3;S1;816-455-8733;2;10019617
e3f600441b11f66b19512705424367a4f0d03ee68878304406178018ba2c5e63;10018877;KAT Store;G1;M1;1;R3;S17;816-455-8733;1;10018877
3d6f18b5d5b339d9c86d1bc9d57f63e94dbbf87faff71cfcfe285b048df8a54e;10009669;De Store;G2;Não informado;1;R3;S14;816-455-8733;1;10009669
54f13e4f083188202ef15f2b18c28d84d40e021c8c7580407288c13cef385d27;10015325;Helius Shop;G2;Não informado;1;R2;S5;816-455-8733;1;10015325
2d2f585e27aef693e7648a3f4b71057ca36b23ab9c1264e5210945ad9113c72d;10021175;Pacific Supermarket;G2;Não informado;1;R3;S16;816-455-8733;2;10021175
4be7cb19fcdd527825bbf027b72e5aae4bf04b5294c4c9154e000ec86628d7e4;10002244;ACS Market;G2;Não informado;1;O2;S12;816-455-8733;2;10002244
e03590e1ae2e27e30714759ad372019c9a69fe27319c128a566b6734afae4468;10020446;NACSCORP Shop;G2;Não informado;1;R2;S5;816-455-8733;2;10020446
6c6e0fc4e97ce4a997c66de42fea6ad571aeb88845f5a8eabd9d18b554bc3d91;10007122;C Store;G2;Não informado;1;R3;S16;816-455-8733;2;10007122
f9d282eac9548b994940fb94a72ed98114660ee5a2dc2bc111b26e03040c1e28;10013871;Grove Supermarket;G2;Não informado;1;R2;S5;816-455-8733;1;10013871
bd8462b0b981955c05b3a154c049bb3f6807b1adb6df8f22b50a18985b6245a7;10021239;PADL Shop;G2;Não informado;1;R3;S1;816-455-8733;1;10021239
dd3620f7bcf7e2280b1ff6850e59f3b7e03287d761639a694af29ba7742ef00f;10002136;AccessWare Shop;G1;M1;1;R3;S20;816-455-8733;1;10002136
98d227b252b69fb681fa8e25be484985a3865d909515fc4c7f5cbd86f178c69f;10025238;Team Supermarket;G2;Não informado;1;R3;S4;816-455-8733;2;10025238
3005036c19605036d14c0952464aefec510146d15fc72a12f6266b0a0e9e24e5;10021297;PageSites Shop;G2;Não informado;1;R3;S1;816-455-8733;1;10021297
40d2afb22dca37dac2d9728f139fdc4f35c3112f9775df362a64b8b674d14b03;10026861;Xyplex Shop;G2;Não informado;1;R3;S16;816-455-8733;2;10026861
1e194f9bdc45d3ce792c76e117e14fc8baba40402aa7624f9910de79102fc04f;10026532;Xediom Shop;G2;Não informado;1;R2;S5;816-455-8733;2;10026532
a1bfda66f4eab46134eb432a042dcec561f7815300848d1438a5fa0ebd612e4d;10020266;Maxwell Supermarket;G2;Não informado;1;O2;S12;816-455-8733;1;10020266
3c210d1e0ffefa7dcca6aab7c7b8a322211d60f4d9cf775af1ce52aa6c12647a;10023235;ReviewBooth Shop;G2;Não informado;1;R2;S3;816-455-8733;2;10023235
cc72c995f8ad41efb56c732504859ddfe4a6264e8bd6b13b95739e411b8c97a8;10024248;Sifton Supermarket;G2;M1;1;R3;S16;816-455-8733;2;10024248
6853703db0eafe2063d3112d0bc868633a1f42c5e54eada7f4cbd80ef739e705;10023471;Road Warriors;G2;Não informado;1;R3;S16;816-455-8733;2;10023471
b58f26c1608d0cdb593e66c91e6994e7bfd9dbc85e9ed0d6e06b0d08184b1526;10016047;High Store;G2;Não informado;1;R3;S16;816-455-8733;2;10016047
576b801f7b2e0fe13dc3177e244130678b382d77c56ab807da59367c74fe17bd;10010882;EDA Supermarket;G2;Não informado;1;R3;S16;816-455-8733;1;10010882
fa00115e280a131995e678d8c63a62608f3957c73c19c7c7f357d409bf2525e3;10009639;Data Supermarket;G1;M1;1;R3;S19;816-455-8733;1;10009639
c651a88c6e57e666b42c75d9a582dbc1c2465f9c28083ce770111d88baf9e517;10001786;Acara Shop;G2;Não informado;1;R3;S16;816-455-8733;1;10001786
5026843942cc88d7d576144bd155996348281717e40e2593948aa9acec55d9ba;10000466;A2Z Store;G2;Não informado;1;R3;S16;816-455-8733;2;10000466
d76172ca2df39b4735fe17806a9bcd4e5c7f51ce8d52117b01e41213e49c4377;10021750;Paul Store;G2;Não informado;1;R3;S16;816-455-8733;1;10021750
b743a501d20e5fbb895a1323852b21e22062fcf590a2cccb654f55584dc60580;10019514;Kimball Supermarket;G2;Não informado;1;R2;S4;816-455-8733;1;10019514
0c40914d9ecb5077964d935be74f4c5767aae37e6f1050fc6b521136e9c2e8ef;10007123;C Supermarket;G2;Não informado;1;R3;S16;816-455-8733;2;10007123
ff705f273071154f14187d158d3e13ad8f99954d2f1f23dcdf2b13a36749a11c;10023244;Revolutionary Supermarket;G2;Não informado;1;R2;S5;816-455-8733;2;10023244
66525305d5c89c66fac009a15118290e431f8cd82feb97de1fc7299c8094cf71;10007121;C Market;G2;Não informado;1;R3;S16;816-455-8733;2;10007121
2da83fb4438d650060ca7f7ab3bcfc86e58a9180f2cfda15e917b88084b50dde;10025021;Tailwind Shop;G2;Não informado;1;R3;S16;816-455-8733;2;10025021
595e2089d49868a95819de159a090ea06e081139b81fc9a66e62754f4a8fe014;10000469;A-2-Z Supermarket;G3;Não informado;1;R3;S5;816-455-8733;1;10000469
4ce1ef15e6e958b5a4306cc55060c9a6d60c3e90a5ba988c91fbbe3ce335a1ac;10000496;AboveNet Shop;G2;Não informado;1;R3;S9;816-455-8733;1;10000496
58e82d1e872f15e0f5bf8cd45fc7c64bd1b2b4142e96f240f654abe0a5931360;10016780;iBEAM Shop;G1;M1;1;R3;S18;816-455-8733;1;10016780
07926e84ef87533aaddb5f2b39c5b934912addc68b534844c1e134c683b625f9;10017054;Icon Market;G2;Não informado;1;R3;S1;816-455-8733;2;10017054
93221b1be74f35c297eaad26a3b9227f6a7ff8a46e488381285352297fd604f2;10021283;PageBoy Shop;G2;Não informado;1;R3;S1;816-455-8733;1;10021283
f5edc2ee7ef834c93f621a1743f43a3beb1b83155abe75119d45b0eafe5492f4;10009885;Degolyer Supermarket;G3;Não informado;1;R3;S5;816-455-8733;1;10009885
50410be089fa82297caf7b8d6ae0962b58e58bdb099679ec585ff5ae92f9453c;10020332;Medics Shop;G2;Não informado;1;R3;S16;816-455-8733;1;10020332
47da90152bcd4abef3c1df42624a2c1c1f07ce6b4d83d6e2834e7f35dc20f38d;10019880;Litton Supermarket;G2;Não informado;1;O2;S12;816-455-8733;2;10019880
28a65706566f64ed5907bdf25323aa5366ba8c74c58966118472b99a8244f5c0;10022249;Quantum Supermarket;G2;Não informado;1;R3;S16;816-455-8733;2;10022249
000ab19c3e1cae51d1c0dfb8954c835375d4acdec83690c52d05a449a7a35973;10020227;MaxBan Shop;G2;Não informado;1;R3;S16;816-455-8733;1;10020227
e87614d4370b3656e256113faae2c61564a147385e799e4284c67fcdaa5da4aa;10011360;Equitable Store;G2;Não informado;1;R2;S5;816-455-8733;1;10011360
ab63123c0ae507cbf7b0d3aefdcf2deb4aa4c5c94e0f8ff6d0014c06ca6443ef;10012158;Filene? Shop;G2;Não informado;1;R3;S1;816-455-8733;1;10012158
5752ffc17fd61de622c6511a1fc6f540cc5627b616cffc2415b41b9ffc0ca82a;10013188;Gartner Supermarket;G2;Não informado;1;R3;S16;816-455-8733;2;10013188
533e42488465a2d99ac5b3fcf3efdd4c80a8315e39a0172a5bb440a4109adfb8;10025251;Time Supermarket;G2;Não informado;1;R2;S5;816-455-8733;2;10025251
a3ca1dc754649ee7e7c3a467c633e64df2fb04843a5d9e8135fbe8801af37be0;10018603;K&K Supermarket;G1;M1;1;R3;S19;816-455-8733;1;10018603
41b14ffcdcb36bdac70301b65d01552d6980a86b8c93bfdd00ad458add21b81f;10013670;Gehlken Supermarket;G2;Não informado;1;R3;S1;816-455-8733;1;10013670
0adeea1ac901438c38a25116424f5b8ae887445fe3cd2c653740322f0ae02071;10024255;Sigma Shop;G2;Não informado;1;O2;S12;816-455-8733;2;10024255
c564813feb28b222f128a56df4e1971d8820bf333a4f1918b241d4d8c1573e30;10013765;Gemini Supermarket;G2;Não informado;1;R3;S16;816-455-8733;2;10013765
8de8b59cd4f068a7f9c2e16db0f055b7951189a6a8d9f734077c79fcce57c6aa;10015956;Hidden Market;G2;Não informado;1;R3;S9;816-455-8733;1;10015956
91f022a096005bf2690b5d26b0cad8047fcb5a5e0a723aa898941d2aa4968594;10011345;Emergent Shop;G2;Não informado;1;R3;S16;816-455-8733;1;10011345
9f9fa3b1ad6155010c566e9cc59277b0e128b14a0ee6eeea475c75cc79963736;10023212;Reuters Supermarket;G2;Não informado;1;R3;S1;816-455-8733;2;10023212
59891b5b9dc3798ec602074151d40007530fdbb76078acd450b26a2b41e2994c;10021459;Papyrus Shop;G2;Não informado;1;O2;S12;816-455-8733;2;10021459
4b06c5dec1f2346fe2853b3ce638a77314c37a92986a52a8d5ca1f823d974afe;10016588;Bounds Megaplace;G2;M1;1;R3;S16;816-455-8733;2;10016588
35702cfc2cce012e37fbc047ad328d8b8e16b124c1a43a0443fa5e01a55fbab9;10009863;Deere Store;G1;M1;1;R3;S19;816-455-8733;1;10009863
4c22215cc395b9028a0dd0841feadadb00327917b5918b44fa01575652885c17;10023221;Reveal Supermarket;G2;M1;1;R3;S16;816-455-8733;2;10023221
f024a3fb504b4593fe5533fdfdc253388eecfc321587fab925a73a321cf98a87;10025737;Userland Maxistore;G2;Não informado;1;R3;S16;816-455-8733;1;10025737
27d8d1b270f3d6864c8fc4be4b6cb9de672dd65a7c3286e7533053870b0e30ea;10027381;Zero-Knowledge Supermarket;G2;Não informado;1;R3;S16;816-455-8733;2;10027381
0e0550f2892a94681510c299fbce10ad6a33d0f5d440893c46b148eab47ca417;10022434;R&R Store;G2;Não informado;1;R3;S4;816-455-8733;2;10022434
319f542ad3f621d731915b867c0d2492bf0a1543ce1bd8e9699261404194c338;10016549;Home Store;G2;Não informado;1;R3;S16;816-455-8733;2;10016549
b426660e327de5483df919dec1a89e94b5ec388144e6d47eb691d87d52aa2f5c;10000460;Meals Market;G2;Não informado;1;R3;S16;816-455-8733;2;10000460
1645658e198409e82945e095e4da15eaf8fc2d80cbd3b683bf4b8fdc5d051562;10020515;NBX Stores;G2;Não informado;1;R3;S1;816-455-8733;1;10020515
5bdf7d452bd6a0f6e4ac19b11c582d53f6e3237ced22bd0e24b138775c4cace9;10007258;C3I Shop;G2;Não informado;1;R3;S16;816-455-8733;1;10007258
158b97bc7bbbfaa912544db57ad007a84d48611ce92195b3f56fdb02c87e2734;10022725;Razorfish Shop;G2;Não informado;1;R3;S16;816-455-8733;2;10022725
5f49ecfbd35ddba43438aa3a1c46ce13729d93602f438c81cfd8750c2b844497;10023003;Remedy Shop;G2;M1;1;R3;S16;816-455-8733;2;10023003
caf8cb90ede0a59c11757cf69325410689f83bb91697241ec9abbd0b59951628;10023489;Robust Store;G2;Não informado;1;R3;S16;816-455-8733;2;10023489
51e7c22c5ec0dd21cef10ca41f0f1d3f3ac581ce5a636f09f839e0c7e1210616;10006846;Bizmarts Shop;G2;Não informado;1;R3;S1;816-455-8733;2;10006846
0d67cbca194c1d5d307b82bf24b30bad811eb3427ae899896741e5f369fbaeca;10015275;Helios Shop;G2;Não informado;1;R3;S16;816-455-8733;2;10015275
6e9ff143c30a2a806fb2e37ffcd159099138de152149dba67ba3be63761ced47;10020388;Metro-Goldwyn-Mayer, Supermarket;G2;Não informado;1;R3;S1;816-455-8733;2;10020388
bb7c2fb271ae74934dd8aa5a9dfab50adcc63d43a3f71224429af93764c2f6e5;10025467;Underwriters Supermarket;G2;Não informado;1;R3;S1;816-455-8733;1;10025467
8db5db09eda08d839d7362c685a9ea0279823d74fdf08f80a2358211e3951fbc;10025237;Team Supermarket;G3;Não informado;1;O2;S1;816-455-8733;1;10025237
ab37ff95023b29b781d998e7059248a650bf59998871d2c019f414f0d9d93e8b;10002161;ACME Maxiplace;G2;Não informado;1;R2;S4;816-455-8733;1;10002161
6244af35936ba161105c3c60591f71827268ac1625235ebcb3777c06b9da2f06;10002746;Active Supermarket;G2;Não informado;1;R3;S9;816-455-8733;2;10002746
8acdeb6862e9eda273e09dd7d91cf5add105eb69e13ee30d3793eababd8bce51;10007457;CalComp Shop;G3;Não informado;1;O2;S1;816-455-8733;1;10007457
4e0133cf8ebc070c8197ff6a8cfa418c5d679c54824072a013e564baa21e99ec;10012425;Fins Shop;G2;Não informado;1;R1;S4;816-455-8733;2;10012425
d8758fcb6b6fd0f82d55506b08a33dac44e260218c8b0370497ad4c7d19cba9f;10013509;Geac Shop;G2;Não informado;1;R3;S16;816-455-8733;2;10013509
52915a5765932fc2a90a34fe26839279638b6959721ce5cbaa2989576f040664;10007253;C3 Supermarket;G2;Não informado;1;O2;S12;816-455-8733;1;10007253
92bbd01297f396c977a01cb2ac74d153954840b3e2fc8e06ad5ddc2dbfd53bf4;10017553;iLanguage Shop;G2;Não informado;1;R2;S5;816-455-8733;2;10017553
529a6b8c08c7df85cce83ce20279a0f3aa1360a13cd53c22c9aeb3d47dd89552;10026055;Dellovade, Supermarket;G2;Não informado;1;R3;S16;816-455-8733;2;10026055
e1ec9b887bea65543570654ef4701752fe37875385b4abd302f3b638b21642f4;10005043;Bezeq Shop;G1;M1;1;R3;S18;816-455-8733;1;10005043
3a190fa70a7033dcafbd8b7763f8f48088be5fa38baa909e49add965b84cfee1;10023516;SAIC Supermarket;G2;Não informado;1;R3;S16;816-455-8733;2;10023516
6a512f8563318c3dbe40543d1a762f9e2f556a518ef69d5cdf392ff4bd575fcf;10025241;TeamStore;G1;Não informado;1;R1;S5;816-455-8733;1;10025241
2f054c4309aded66b254d5867ee73d416594255ab81eeac67af3ceee962a6588;10025298;U. Supermarket;G3;Não informado;1;R3;S17;816-455-8733;1;10025298
9d6bd7da0ed804f7b63c7092370ca5b8234ec48bd8330cd71cffcccfbd69c1d0;10021145;Pacel Shop;G2;Não informado;1;R2;S5;816-455-8733;2;10021145
62f13f6be94bec63df1b1d58d07ac1ee55bfdbc715ec65e95bb817a5faf826d4;10009697;Debian Shop;G2;Não informado;1;R2;S5;816-455-8733;2;10009697
fa4a695bac4383ca733f71573370375078050f1250223b96d6250aac57ead7ce;10025239;Teamaker Shop;G2;Não informado;1;R3;S16;816-455-8733;1;10025239
0ed3037a7ff2ac4dbd576c757e8089b7a6fcce7940551f270cd9e97de0b0ce50;10021470;Papyrus Supermarket;G2;Não informado;1;R3;S16;816-455-8733;2;10021470
b3537173870f470fc982761f211766720c3761f3055f9498f06e4b1d7a492985;10023778;Satronix Shop;G2;Não informado;1;R3;S16;816-455-8733;2;10023778
d50d1c5622398510c58c7e2d8ddc84961d903743014d9187bc578ab286519b11;10021179;Pacific Store;G2;Não informado;1;R3;S4;816-455-8733;2;10021179
451ae93d6baef9cc7d8889a70e25e230aee40386b56e1d4d9d8cda958b54c29e;10025288;Transylvania Supermarket;G1;M1;1;R3;S19;816-455-8733;1;10025288
948f21e99a7e47b4cc348b93e6531b74d468607681ed5ab4c67a889aee803464;10005861;Big Supermarket;G1;M1;1;R3;S19;816-455-8733;1;10005861
233533aa49549af1a8b01b76dbaecea6374df618a3efa978d493cfc6f1969b7a;10021736;Patton Store;G1;M1;1;R3;S19;816-455-8733;1;10021736
b79c7e425a7cabf9e8945c0f749fe05d6c32aab186cc1cd1aae6caa87b8e3ff8;10004256;Benedict Shop;G2;Não informado;1;R3;S16;816-455-8733;2;10004256
7e6e153a118f22c185a1abdb47836e5ab9eceb909b58f934c6fd1a68d3adc3db;10016784;IBEX Shop;G2;Não informado;1;R2;S5;816-455-8733;2;10016784
7d249aceb762e2e4afffabfb6be917b234e7e8edfa12cb837b621d5a01aee2d6;10020982;Outsource Store;G2;Não informado;1;R3;S1;816-455-8733;1;10020982
74384c03c51e1f5a317ee9071c94c95f9843d5082809b50e7354e32d44cd6933;10025242;Teamsolve Shop;G1;Não informado;1;O2;S1;816-455-8733;1;10025242
9b239bfdceb712a2df704621f8cb40169e3c27c6ff773027c855683d880c3d36;10003554;Ad Supermarket;G1;M1;1;R3;S19;816-455-8733;1;10003554
53e8a2eaf7841d82ee9efe72a0c990373c13889891198079c63b2cff8f8c7973;10026299;Watcom Maxistore;G2;Não informado;1;R3;S16;816-455-8733;2;10026299
b244a57cac405e2da40c4263a373c3a3527585bdfc7b7868755eff4c32e70dbe;10026365;Whites;G2;Não informado;1;R3;S16;816-455-8733;1;10026365
eafa80fe7b7351f17ab5f0c65b429529297b181c85b1fb1a6141498c5f3e72a0;10021203;Pacific Market;G2;Não informado;1;O2;S12;816-455-8733;2;10021203
5b2a27f7aedd71008002fc5d1ec535973cbb79c81ac857d44e73a1714b1efd0d;10006805;Bitstream Shop;G1;Não informado;1;R3;S16;816-455-8733;2;10006805
b77af0dd335c9aab35ccb43afda44e3d61b9195f97df895ddfa3a452fe9da304;10019664;Koppers Supermarket;G2;Não informado;1;R1;S20;816-455-8733;2;10019664
a1a6dc3ec35bb65558fe99a236bb893429e956da8fb6f090deeb47db91225c25;10025038;Tanager Shop;G2;Não informado;1;R2;S11;816-455-8733;2;10025038
c6d1a2d0ecfa73820e87371ec7fffd27de33b85d9985bb745a2af37c9ca398fd;10007120;Brinco Store;G2;Não informado;1;R3;S16;816-455-8733;2;10007120
5fe0e1070fdc0cd557f741fec45ad5ce3a974587eaab07cb73344e3c62e6f40c;10011089;Embedded Supermarket;G3;Não informado;1;R2;S8;816-455-8733;1;10011089
b9121dfe1ec9882f798eef8de6ab326c68edb9de093d16837b41b543dde66c06;10020907;Onebox Shop;G1;Não informado;1;R3;S16;816-455-8733;1;10020907
eca4b07ff32d09573871fd823774a5db9cc19424a11391cb94d7a8c49f1149ec;10016609;Homestead Market;G3;Não informado;1;R1;S21;816-455-8733;1;10016609
e6f12edc4c8d2d448b14abcc67676b4d759a4a496573a4085ef105664db6d138;10020684;Oklahoma Supermarket;G2;Não informado;1;R3;S1;816-455-8733;2;10020684
b833f88fd843236289a40b950318f21e37bafcef81f900c5a6ef1d1825515f04;10023793;Savetz Store;G2;Não informado;1;R2;S2;816-455-8733;2;10023793
284305b63c0ceca1c46cfa4da8d8c182b2d0095b08e82782bed13f9996e5a11d;10013572;GearSource Shop;G2;Não informado;1;R3;S1;816-455-8733;1;10013572
6b155ec2e0a8fc08240dae365afbf56c7001fe6ec3e507fe6a0f693eaa7b9b0f;10002153;Ace Market;G2;Não informado;1;R2;S5;816-455-8733;1;10002153
8b61225c615787dacb6a97fc1914a9f87bdeb889bb9f999e1e92c9ee5a3aa1bc;10005922;Big Supermarket;G2;Não informado;1;R3;S1;816-455-8733;1;10005922
f450991aa80526aa7262a94edf0e4f06f8c493e4df33ee2b2de3461d26611eb5;10019942;LMAO superplace;G2;Não informado;1;R3;S16;816-455-8733;2;10019942
3cc29dae3395e8c9a72d3f84bcca1e09931102fcb14f108aa7054612183e75c3;10018129;J.M. Market;G1;M1;1;R3;S19;816-455-8733;1;10018129
5835a907aa3da823e2d258fd00e35d5851d459f78390c953fc017466dcf5426a;10002240;ACS Shop;G2;Não informado;1;R3;S1;816-455-8733;2;10002240
17cb26c2af97ac0fccbc791b86a8e7850f95b1153e4f923551f605b1980c1e30;10025036;Tampa Market;G2;Não informado;1;R3;S9;816-455-8733;2;10025036
803108b1531823942a81e0f8e78eacaaa812a27c88c840796e2148e859cdb52c;10008893;Caravelle Shop;G2;Não informado;1;R3;S1;816-455-8733;2;10008893
41d0ebc955d6e3c3bae49272879b28fbe2f32ffc4dc33fbf376bfa96fd01891f;10014495;Harvard Supermarket;G2;Não informado;1;R3;S16;816-455-8733;2;10014495
c7adc192e1c8f1a2b38691b5800b63e58e819655c59a654ad9a11e1c76c0b2e3;10009662;De Store;G2;Não informado;1;R3;S1;816-455-8733;2;10009662
52b25dfba801523c352b069cdc3016be280c719139517cd29f8079151d1ce7ec;10012422;Finishing Shop;G2;Não informado;1;R3;S16;816-455-8733;2;10012422
37ffc3ee7891737be660edb8375d626731a32477f7f7c8efe17285ceb72f78b0;10014540;HarveyOpolis Shop;G1;M1;1;R3;S16;816-455-8733;1;10014540
859aeeb45559362b1c33c18a6dcec639dd5b18a764e5a12e91562d02f3778b58;10011821;FenP Supermarket;G2;Não informado;1;R3;S5;816-455-8733;1;10011821
80f84c6dccef44decc7d627eba4c62a028951f0366374ab05d8dad99af6461af;10026839;Xtreme Shop;G2;M1;1;R3;S16;816-455-8733;2;10026839
9ca0f55940004144475e211891cd8faeadcaabaf89b633093cb9f07c0d33c5e8;10007355;CAF Market;G2;Não informado;1;R3;S16;816-455-8733;2;10007355
a25ed03d4687b832ee2c0518625b89b5c195e77fc203b5117891d5e2a8d5c46c;10020849;OnDeck Store;G2;Não informado;1;R3;S1;816-455-8733;1;10020849
b697bad50679cbdbd5e512aee1289c121e8ff6a8aaff9008c0bf7898ed9d0676;10017072;Iconation Shop;G2;Não informado;1;R3;S9;816-455-8733;2;10017072
a4aa4d151d7e703eb33e582975ea9f073b3e3084de99e92e6a4da983cdcef694;10027082;ySecret Shop;G3;Não informado;1;R3;S5;816-455-8733;1;10027082
c3cfbc0f2d3d2ee2866f54764ee3d00cab000ea8e4cbbf4a007d618c9312c0f7;10009633;Dan Store;G2;Não informado;1;R3;S16;816-455-8733;1;10009633
8e6d8ec5161b9e0ffb21e4676ccd9231e3a80771e892396ebd3c17c56908a64c;10025552;Unison Medistore;G2;Não informado;1;R3;S13;816-455-8733;2;10025552
821722923b6a3971a3a89b88a015aa4aed7920e177e15860e4f172f0f9db95ab;10009647;Dayton Supermarket;G2;Não informado;1;R3;S16;816-455-8733;2;10009647
64844f7e09b9af5c0afa94bce5f32869451bd80e7b2c2591feacf37042f0655d;10024704;Sterling Store;G2;Não informado;1;R3;S1;816-455-8733;1;10024704
7d7988da090d8b454f13dccfa5b89fe46e27ee19f4d0e3d5675411324c215d79;10015030;Hegemony Shop;G2;Não informado;1;R2;S5;816-455-8733;2;10015030
a17f86d57693e3259b5e6933ae1a67b232e8f7852d4626f2e26136b7b17e351e;10016858;IBVA Shop;G2;Não informado;1;R2;S5;816-455-8733;2;10016858
e6a13e29cfbd428a99c426b4f012026f015ce129861d297b54d7d259c8032a43;10009657;DC-Works Shop;G2;Não informado;1;R3;S16;816-455-8733;2;10009657
abee44bc01d4fa3d181e729e0cc8dd74e577b236bc1b96fc07044d4fd8cd8255;10006037;Bigelow Store;G1;Não informado;1;R3;S16;816-455-8733;2;10006037
35b523d1e476c7252ab54de803f16ad1ddedf094d7f3d37cd2b9d6edda59d946;10021111;P.C'S Shop;G3;Não informado;1;R3;S5;816-455-8733;1;10021111
fdd7eb3a16c432c1eb5ac874f4bb9c4ce637cfa8d8a9d85bdde32e814fa4f89a;10024016;Screen Supermarket;G1;M1;1;R3;S19;816-455-8733;1;10024016
45dafa01454df63880c58e95a18dddd261ce842e66d9e607db13a36a66688e1f;10000475;AA-Wizard Shop;G2;Não informado;1;R3;S16;816-455-8733;2;10000475
15e08afcc0027d94bd31775d9031d2d54245ed12cd2be571eb3f6cff0bbc4236;10009672;DEAC Shop;G2;Não informado;1;R3;S16;816-455-8733;2;10009672
c2a499ea95c059a9791cd958279e990c3f3dc29943180382d7c6241cef6435fb;10007591;ComeStore;G1;M1;1;R3;S19;816-455-8733;1;10007591
e178807aeb7f9df4a342fd06f8e8b71e506c2a2e02889fa33f8515ee8592108a;10012885;Gainunion Shop;G2;Não informado;1;R3;S16;816-455-8733;1;10012885
dc96549529f39d5aa25ddcad10dbdf871ef9c2c1ef5549ad4b2e387d764ae075;10013061;Gammel Group;G3;Não informado;1;R3;S5;816-455-8733;1;10013061
e977dc29571d47f5973b1d01a3c1843a2b14fd81951d4780f477fd9838712d2d;10002139;Accrue Shop;G2;Não informado;1;R1;S11;816-455-8733;1;10002139
8ce649b539840e2279242a0ed5d22c7f2ed50984d1c6441b8c71a048ac8d0bb9;10009907;Del Supermarket;G2;Não informado;1;R2;S9;816-455-8733;2;10009907
05d02fa0cd582d15d9bde230d468404bd00ef43e0246a3007a578acf6cba870f;10011398;Ethyl Store;G2;Não informado;1;R3;S16;816-455-8733;2;10011398
6016d5d987d4db2d6802dc92da068efac1c9996e16b0827bda1c1f56fc99463f;10006919;Hoovey SuperStore;G1;M1;1;R3;S19;816-455-8733;1;10006919
6c91d0e561dd923aad89ea62fb3ca017259f6bd3391f67b52bde142b21c0e001;10002220;ACRON Shop;G3;Não informado;1;R3;S5;816-455-8733;1;10002220
9fa99fb58858aaa3625fba9fab8e1c7e2f32a5370a3b2deac3a6d32a2cf2b1c5;10013574;Gebbie Store;G2;Não informado;1;R3;S16;816-455-8733;1;10013574
046ae01ce045e0003dc1b297b4d7820e4502e7530dce5374ab05a9aa1ec0e87c;10018885;Kawneer Market;G2;Não informado;1;R3;S1;816-455-8733;2;10018885
5cb700c1d2d04a0fa191ca3a90793ffe43d3cca55a230669c106392b9a76225a;10026006;Vector USA;G3;Não informado;1;R3;S5;816-455-8733;1;10026006
e60864e8c62162231131e2d85f6d4d5535a5b3f51b4ef889dc736c7b1403476a;10020662;Nematron Shop;G1;M1;1;R3;S19;816-455-8733;1;10020662
bbd1f4f5c1867925cbab19e5e657528ceb20e24f8c287d20d74cce60290097f9;10023703;Sarcom Shop;G1;M1;1;R3;S19;816-455-8733;1;10023703
e2d6a276f5e30d8427b81830a0c5369ef2679cfcae933904a7570e84e5e7dad0;10019150;Kentucky Supermarket;G2;Não informado;1;O2;S12;816-455-8733;2;10019150
2e220bc18f6327911975329cfa265214ef22ab54475b35f275bb38fe3bc2d190;10020364;Mersey Market;G2;Não informado;1;R3;S16;816-455-8733;1;10020364
796109d4fb645a724ed34282d1b30e95c3910f80bd0381fbc74ce4723d209072;10012369;Finest Supermarket;G2;Não informado;1;R3;S4;816-455-8733;1;10012369
521969482672db9b0b742fbbb736c58f808f8354f7a9bd52b490ead11d57877c;10019812;Lewis Supermarket;G2;Não informado;1;R2;S5;816-455-8733;1;10019812
e520ac55789f1b72dab1c31d010c7f79b0ce6fdb3298d24e0b5c5916e2c385be;10026294;Wasabi Shop;G1;M1;1;R3;S19;816-455-8733;1;10026294
207e3ebd4b18d376c421eb0ffdd714a439e759688ea0aa59be9d55cddb9bbc55;10021231;Packard Supermarket;G2;Não informado;1;R2;S9;816-455-8733;2;10021231
0e016084de0a48387c607ccf97dc04298a20a9a82ca1f07f7a80f4a4878cacb2;10009660;DDR Shop;G2;Não informado;1;R1;S22;816-455-8733;2;10009660
310e58cb7e3882951f521f221f27fbc98e748bbafc7293259e4ff36902b58f3d;10012128;Fifth Supermarket;G3;Não informado;1;R3;S5;816-455-8733;1;10012128
454d3696a6126373591328aa0c45dc7624fa1d22cb38cb79e62e6d4c1eb0376e;10017585;Ilog Shop;G2;Não informado;1;R3;S16;816-455-8733;2;10017585
71b44106df20aef03db087092d4686e3abfaef2ba08ea7f6a2991c5e80347f2a;10011997;Fibronics Shop;G2;Não informado;1;R3;S16;816-455-8733;2;10011997
ed045e5f0602e676bbda2fa152f26ba5e2a54d4aabe7e099dd0f2dd883ef046b;10027050;Your Market;G2;Não informado;1;R3;S9;816-455-8733;2;10027050
cafc3453e302bc12c7af0081d08806c52b416d50e90a4e0b1f23664fc8e410fa;10021411;Panix Shop;G2;Não informado;1;R3;S4;816-455-8733;1;10021411
4918d855b3a7ab27e68879fa07a0699998ecf89dd08b33a31d9bc48b71426d5e;10022168;QualServe Shop;G2;Não informado;1;R1;S11;816-455-8733;2;10022168
4063ae6e0f13d25d7d6cd1c5dfa8c4ad32cd1a3cf05f18931269a5411c8f61a8;10015495;Hennings;G2;M1;1;R3;S16;816-455-8733;2;10015495
9de720ae611b77c79647fe51a98c0934894d5b79f6d231e0ba77e47d11ffbcd7;10023757;SAS Supermarket;G1;Não informado;1;R3;S19;816-455-8733;1;10023757
8f6acdee07ba187aed000fb100dc45f279ab0669e00661f05d102ec9ff0e2cb4;10021418;Panzl Shop;G2;Não informado;1;R3;S1;816-455-8733;2;10021418
413702e0bfe3f2ab311ebb1298932d9acbf374bed545d6e9221bcd0089b73e5a;10020193;Maui Store;G2;Não informado;1;R2;S5;816-455-8733;1;10020193
94b6275863c9173a42d09577631be60d8e920d3d7ccaed0ff6ec020171e722e6;10013341;Gatierf Supermarket;G2;Não informado;1;R2;S2;816-455-8733;1;10013341
119b188cab652a818337f8f5d3ef8963fe353c8925d9279e6c89330f7c8c902d;10022730;RC Shop;G2;Não informado;1;R2;S9;816-455-8733;2;10022730
44a97e95521d8b95600610f257a0bf6d95a16d7b72865d448b661316acb20e9b;10000456;A&B Shop;G3;Não informado;1;R1;S2;816-455-8733;1;10000456
